[0m11:12:32.927638 [debug] [MainThread]: Sending event: {'category': 'dbt', 'action': 'invocation', 'label': 'start', 'context': [<snowplow_tracker.self_describing_json.SelfDescribingJson object at 0x0000023019C039D0>, <snowplow_tracker.self_describing_json.SelfDescribingJson object at 0x00000230198B8B10>, <snowplow_tracker.self_describing_json.SelfDescribingJson object at 0x0000023019C2F290>]}


============================== 11:12:32.936868 | 519d3983-dc74-4e5b-8b82-e2cacbd35328 ==============================
[0m11:12:32.936868 [info ] [MainThread]: Running with dbt=1.11.8
[0m11:12:32.936868 [debug] [MainThread]: running dbt with arguments {'static_parser': 'True', 'no_print': 'None', 'version_check': 'True', 'warn_error_options': 'WarnErrorOptionsV2(error=[], warn=[], silence=[])', 'target_path': 'None', 'printer_width': '80', 'write_json': 'True', 'empty': 'None', 'log_cache_events': 'False', 'introspect': 'True', 'cache_selected_only': 'False', 'fail_fast': 'False', 'debug': 'False', 'log_format': 'default', 'partial_parse': 'True', 'send_anonymous_usage_stats': 'True', 'quiet': 'False', 'warn_error': 'None', 'profiles_dir': 'C:\\Users\\LENOVO\\.dbt', 'indirect_selection': 'eager', 'use_colors': 'True', 'invocation_command': 'dbt init olist_project', 'use_experimental_parser': 'False', 'log_path': 'logs'}
[0m11:12:32.958890 [info ] [MainThread]: Creating dbt configuration folder at C:\Users\LENOVO\.dbt
[0m11:12:32.966901 [debug] [MainThread]: Starter project path: C:\Users\LENOVO\Desktop\dbt-project\Lib\site-packages\dbt\include\starter_project
[0m11:12:32.983082 [info ] [MainThread]: 
Your new dbt project "olist_project" was created!

For more information on how to configure the profiles.yml file,
please consult the dbt documentation here:

  https://docs.getdbt.com/docs/configure-your-profile

One more thing:

Need help? Don't hesitate to reach out to us via GitHub issues or on Slack:

  https://community.getdbt.com/

Happy modeling!

[0m11:12:32.983082 [info ] [MainThread]: Setting up your profile.
[0m11:13:37.179667 [error] [MainThread]: Encountered an error:

[0m11:13:37.187171 [error] [MainThread]: Traceback (most recent call last):
  File "C:\Users\LENOVO\Desktop\dbt-project\Lib\site-packages\dbt\cli\requires.py", line 182, in wrapper
    result, success = func(*args, **kwargs)
                      ^^^^^^^^^^^^^^^^^^^^^
  File "C:\Users\LENOVO\Desktop\dbt-project\Lib\site-packages\dbt\cli\requires.py", line 128, in wrapper
    return func(*args, **kwargs)
           ^^^^^^^^^^^^^^^^^^^^^
  File "C:\Users\LENOVO\Desktop\dbt-project\Lib\site-packages\dbt\cli\main.py", line 488, in init
    results = task.run()
              ^^^^^^^^^^
  File "C:\Users\LENOVO\Desktop\dbt-project\Lib\site-packages\dbt\task\init.py", line 346, in run
    self.setup_profile(profile_name)
  File "C:\Users\LENOVO\Desktop\dbt-project\Lib\site-packages\dbt\task\init.py", line 262, in setup_profile
    self.create_profile_from_target(adapter, profile_name=profile_name)
  File "C:\Users\LENOVO\Desktop\dbt-project\Lib\site-packages\dbt\task\init.py", line 179, in create_profile_from_target
    self.create_profile_from_profile_template(profile_template, profile_name)
  File "C:\Users\LENOVO\Desktop\dbt-project\Lib\site-packages\dbt\task\init.py", line 163, in create_profile_from_profile_template
    target = self.generate_target_from_input(prompts, initial_target)
             ^^^^^^^^^^^^^^^^^^^^^^^^^^^^^^^^^^^^^^^^^^^^^^^^^^^^^^^^
  File "C:\Users\LENOVO\Desktop\dbt-project\Lib\site-packages\dbt\task\init.py", line 116, in generate_target_from_input
    target = self.generate_target_from_input(
             ^^^^^^^^^^^^^^^^^^^^^^^^^^^^^^^^
  File "C:\Users\LENOVO\Desktop\dbt-project\Lib\site-packages\dbt\task\init.py", line 129, in generate_target_from_input
    target[key] = click.prompt(
                  ^^^^^^^^^^^^^
  File "C:\Users\LENOVO\Desktop\dbt-project\Lib\site-packages\click\termui.py", line 179, in prompt
    value = prompt_func(prompt)
            ^^^^^^^^^^^^^^^^^^^
  File "C:\Users\LENOVO\Desktop\dbt-project\Lib\site-packages\click\termui.py", line 162, in prompt_func
    raise Abort() from None
click.exceptions.Abort

[0m11:13:37.187171 [debug] [MainThread]: Command `dbt init` failed at 11:13:37.187171 after 64.36 seconds
[0m11:13:37.187171 [debug] [MainThread]: Sending event: {'category': 'dbt', 'action': 'invocation', 'label': 'end', 'context': [<snowplow_tracker.self_describing_json.SelfDescribingJson object at 0x000002301AC3B450>, <snowplow_tracker.self_describing_json.SelfDescribingJson object at 0x000002301AC3B5D0>, <snowplow_tracker.self_describing_json.SelfDescribingJson object at 0x000002303C13DD90>]}
[0m11:13:37.194873 [debug] [MainThread]: Flushing usage events
[0m11:13:38.727213 [debug] [MainThread]: An error was encountered while trying to flush usage events
[0m11:15:34.805248 [debug] [MainThread]: Sending event: {'category': 'dbt', 'action': 'invocation', 'label': 'start', 'context': [<snowplow_tracker.self_describing_json.SelfDescribingJson object at 0x00000236490C0710>, <snowplow_tracker.self_describing_json.SelfDescribingJson object at 0x00000236490C05D0>, <snowplow_tracker.self_describing_json.SelfDescribingJson object at 0x00000236490C0F90>]}


============================== 11:15:34.809611 | 2a35ecf6-93e7-4e83-aaf7-710179fec376 ==============================
[0m11:15:34.809611 [info ] [MainThread]: Running with dbt=1.11.8
[0m11:15:34.809611 [debug] [MainThread]: running dbt with arguments {'static_parser': 'True', 'no_print': 'None', 'version_check': 'True', 'warn_error_options': 'WarnErrorOptionsV2(error=[], warn=[], silence=[])', 'target_path': 'None', 'printer_width': '80', 'write_json': 'True', 'introspect': 'True', 'log_cache_events': 'False', 'empty': 'None', 'cache_selected_only': 'False', 'fail_fast': 'False', 'debug': 'False', 'log_format': 'default', 'partial_parse': 'True', 'send_anonymous_usage_stats': 'True', 'quiet': 'False', 'warn_error': 'None', 'profiles_dir': 'C:\\Users\\LENOVO\\.dbt', 'indirect_selection': 'eager', 'invocation_command': 'dbt init olist_project', 'use_colors': 'True', 'use_experimental_parser': 'False', 'log_path': 'logs'}
[0m11:15:34.826957 [debug] [MainThread]: Starter project path: C:\Users\LENOVO\Desktop\dbt-project\Lib\site-packages\dbt\include\starter_project
[0m11:15:34.850521 [info ] [MainThread]: 
Your new dbt project "olist_project" was created!

For more information on how to configure the profiles.yml file,
please consult the dbt documentation here:

  https://docs.getdbt.com/docs/configure-your-profile

One more thing:

Need help? Don't hesitate to reach out to us via GitHub issues or on Slack:

  https://community.getdbt.com/

Happy modeling!

[0m11:15:34.853562 [info ] [MainThread]: Setting up your profile.
[0m11:16:38.567275 [info ] [MainThread]: Profile olist_project written to C:\Users\LENOVO\.dbt\profiles.yml using target's profile_template.yml and your supplied values. Run 'dbt debug' to validate the connection.
[0m11:16:38.567275 [debug] [MainThread]: Command `dbt init` succeeded at 11:16:38.567275 after 63.83 seconds
[0m11:16:38.571456 [debug] [MainThread]: Sending event: {'category': 'dbt', 'action': 'invocation', 'label': 'end', 'context': [<snowplow_tracker.self_describing_json.SelfDescribingJson object at 0x0000023642527650>, <snowplow_tracker.self_describing_json.SelfDescribingJson object at 0x0000023648E75A50>, <snowplow_tracker.self_describing_json.SelfDescribingJson object at 0x0000023648E75F10>]}
[0m11:16:38.571456 [debug] [MainThread]: Flushing usage events
[0m11:16:39.875702 [debug] [MainThread]: An error was encountered while trying to flush usage events
[0m11:20:24.952052 [debug] [MainThread]: Sending event: {'category': 'dbt', 'action': 'invocation', 'label': 'start', 'context': [<snowplow_tracker.self_describing_json.SelfDescribingJson object at 0x000001C2F3334810>, <snowplow_tracker.self_describing_json.SelfDescribingJson object at 0x000001C2F3334C10>, <snowplow_tracker.self_describing_json.SelfDescribingJson object at 0x000001C2F3335DD0>]}


============================== 11:20:24.957302 | 6f8e20be-c712-4c28-96cb-bfee163b59d5 ==============================
[0m11:20:24.957302 [info ] [MainThread]: Running with dbt=1.11.8
[0m11:20:24.960385 [debug] [MainThread]: running dbt with arguments {'static_parser': 'True', 'no_print': 'None', 'version_check': 'True', 'warn_error_options': 'WarnErrorOptionsV2(error=[], warn=[], silence=[])', 'target_path': 'None', 'printer_width': '80', 'write_json': 'True', 'empty': 'None', 'log_cache_events': 'False', 'introspect': 'True', 'cache_selected_only': 'False', 'log_format': 'default', 'debug': 'False', 'fail_fast': 'False', 'partial_parse': 'True', 'send_anonymous_usage_stats': 'True', 'quiet': 'False', 'warn_error': 'None', 'profiles_dir': 'C:\\Users\\LENOVO\\.dbt', 'use_colors': 'True', 'indirect_selection': 'eager', 'invocation_command': 'dbt debug', 'use_experimental_parser': 'False', 'log_path': 'logs'}
[0m11:20:24.980633 [info ] [MainThread]: dbt version: 1.11.8
[0m11:20:24.980633 [info ] [MainThread]: python version: 3.11.9
[0m11:20:24.987415 [info ] [MainThread]: python path: C:\Users\LENOVO\Desktop\dbt-project\Scripts\python.exe
[0m11:20:24.988988 [info ] [MainThread]: os info: Windows-10-10.0.26200-SP0
[0m11:20:26.239208 [info ] [MainThread]: Using profiles dir at C:\Users\LENOVO\.dbt
[0m11:20:26.239208 [info ] [MainThread]: Using profiles.yml file at C:\Users\LENOVO\.dbt\profiles.yml
[0m11:20:26.239208 [info ] [MainThread]: Using dbt_project.yml file at C:\Users\LENOVO\Desktop\dbt-project\dbt_project.yml
[0m11:20:26.242406 [info ] [MainThread]: adapter type: bigquery
[0m11:20:26.242406 [info ] [MainThread]: adapter version: 1.11.1
[0m11:20:26.244644 [info ] [MainThread]: Configuration:
[0m11:20:26.246660 [info ] [MainThread]:   profiles.yml file [[32mOK found and valid[0m]
[0m11:20:26.247174 [info ] [MainThread]:   dbt_project.yml file [[31mERROR not found[0m]
[0m11:20:26.247174 [info ] [MainThread]: Required dependencies:
[0m11:20:26.247174 [debug] [MainThread]: Executing "git --help"
[0m11:20:26.285453 [debug] [MainThread]: STDOUT: "b"usage: git [-v | --version] [-h | --help] [-C <path>] [-c <name>=<value>]\n           [--exec-path[=<path>]] [--html-path] [--man-path] [--info-path]\n           [-p | --paginate | -P | --no-pager] [--no-replace-objects] [--no-lazy-fetch]\n           [--no-optional-locks] [--no-advice] [--bare] [--git-dir=<path>]\n           [--work-tree=<path>] [--namespace=<name>] [--config-env=<name>=<envvar>]\n           <command> [<args>]\n\nThese are common Git commands used in various situations:\n\nstart a working area (see also: git help tutorial)\n   clone      Clone a repository into a new directory\n   init       Create an empty Git repository or reinitialize an existing one\n\nwork on the current change (see also: git help everyday)\n   add        Add file contents to the index\n   mv         Move or rename a file, a directory, or a symlink\n   restore    Restore working tree files\n   rm         Remove files from the working tree and from the index\n\nexamine the history and state (see also: git help revisions)\n   bisect     Use binary search to find the commit that introduced a bug\n   diff       Show changes between commits, commit and working tree, etc\n   grep       Print lines matching a pattern\n   log        Show commit logs\n   show       Show various types of objects\n   status     Show the working tree status\n\ngrow, mark and tweak your common history\n   backfill   Download missing objects in a partial clone\n   branch     List, create, or delete branches\n   commit     Record changes to the repository\n   merge      Join two or more development histories together\n   rebase     Reapply commits on top of another base tip\n   reset      Set `HEAD` or the index to a known state\n   switch     Switch branches\n   tag        Create, list, delete or verify tags\n\ncollaborate (see also: git help workflows)\n   fetch      Download objects and refs from another repository\n   pull       Fetch from and integrate with another repository or a local branch\n   push       Update remote refs along with associated objects\n\n'git help -a' and 'git help -g' list available subcommands and some\nconcept guides. See 'git help <command>' or 'git help <concept>'\nto read about a specific subcommand or concept.\nSee 'git help git' for an overview of the system.\n""
[0m11:20:26.285453 [debug] [MainThread]: STDERR: "b''"
[0m11:20:26.285453 [info ] [MainThread]:  - git [[32mOK found[0m]

[0m11:20:26.286964 [info ] [MainThread]: Connection:
[0m11:20:26.286964 [info ] [MainThread]:   method: oauth
[0m11:20:26.286964 [info ] [MainThread]:   database: root-micron-435213-v0
[0m11:20:26.289008 [info ] [MainThread]:   execution_project: root-micron-435213-v0
[0m11:20:26.289008 [info ] [MainThread]:   schema: olist
[0m11:20:26.289008 [info ] [MainThread]:   location: US
[0m11:20:26.289008 [info ] [MainThread]:   priority: interactive
[0m11:20:26.289008 [info ] [MainThread]:   maximum_bytes_billed: None
[0m11:20:26.289008 [info ] [MainThread]:   impersonate_service_account: None
[0m11:20:26.289008 [info ] [MainThread]:   job_retry_deadline_seconds: None
[0m11:20:26.293550 [info ] [MainThread]:   job_retries: 1
[0m11:20:26.297192 [info ] [MainThread]:   job_creation_timeout_seconds: None
[0m11:20:26.301261 [info ] [MainThread]:   job_execution_timeout_seconds: 300
[0m11:20:26.306085 [info ] [MainThread]:   timeout_seconds: 300
[0m11:20:26.307243 [info ] [MainThread]:   client_id: None
[0m11:20:26.309409 [info ] [MainThread]:   token_uri: None
[0m11:20:26.309409 [info ] [MainThread]:   compute_region: None
[0m11:20:26.309409 [info ] [MainThread]:   dataproc_cluster_name: None
[0m11:20:26.309409 [info ] [MainThread]:   gcs_bucket: None
[0m11:20:26.309409 [info ] [MainThread]:   dataproc_batch: None
[0m11:20:26.309409 [info ] [MainThread]: Registered adapter: bigquery=1.11.1
[0m11:20:26.607114 [debug] [MainThread]: Acquiring new bigquery connection 'debug'
[0m11:20:26.607114 [debug] [MainThread]: On debug: select 1 as id
[0m11:20:26.610733 [debug] [MainThread]: Opening a new connection, currently in state init
[0m11:20:38.625147 [debug] [MainThread]: BigQuery adapter: Got an error when attempting to create a bigquery " "client: 'Runtime Error
  Failed to authenticate with supplied credentials
  error:
  Your default credentials were not found. To set up Application Default Credentials, see https://cloud.google.com/docs/authentication/external/set-up-adc for more information.'
[0m11:20:38.627675 [debug] [MainThread]: BigQuery adapter: Unhandled error while running:
select 1 as id
[0m11:20:38.627675 [debug] [MainThread]: BigQuery adapter: Database Error
  Runtime Error
    Failed to authenticate with supplied credentials
    error:
    Your default credentials were not found. To set up Application Default Credentials, see https://cloud.google.com/docs/authentication/external/set-up-adc for more information.
[0m11:20:38.631247 [info ] [MainThread]:   Connection test: [[31mERROR[0m]

[0m11:20:38.631247 [info ] [MainThread]: [31m2 checks failed:[0m
[0m11:20:38.633806 [info ] [MainThread]: Project loading failed for the following reason:
 project path <C:\Users\LENOVO\Desktop\dbt-project\dbt_project.yml> not found

[0m11:20:38.633806 [info ] [MainThread]: dbt was unable to connect to the specified database.
The database returned the following error:

  >'NoneType' object has no attribute 'close'

Check your database credentials and try again. For more information, visit:
https://docs.getdbt.com/docs/configure-your-profile


[0m11:20:38.639763 [debug] [MainThread]: Command `dbt debug` failed at 11:20:38.637566 after 13.78 seconds
[0m11:20:38.639763 [debug] [MainThread]: Sending event: {'category': 'dbt', 'action': 'invocation', 'label': 'end', 'context': [<snowplow_tracker.self_describing_json.SelfDescribingJson object at 0x000001C2F2300150>, <snowplow_tracker.self_describing_json.SelfDescribingJson object at 0x000001C2F2301110>, <snowplow_tracker.self_describing_json.SelfDescribingJson object at 0x000001C2F2303790>]}
[0m11:20:38.641847 [debug] [MainThread]: Flushing usage events
[0m11:20:39.904631 [debug] [MainThread]: An error was encountered while trying to flush usage events
[0m11:22:45.279032 [debug] [MainThread]: Sending event: {'category': 'dbt', 'action': 'invocation', 'label': 'start', 'context': [<snowplow_tracker.self_describing_json.SelfDescribingJson object at 0x00000217BB260E10>, <snowplow_tracker.self_describing_json.SelfDescribingJson object at 0x00000217BB28F4D0>, <snowplow_tracker.self_describing_json.SelfDescribingJson object at 0x00000217BC293ED0>]}


============================== 11:22:45.287403 | 2d54ae77-6f1d-47e5-94e1-b6192f7ec2ae ==============================
[0m11:22:45.287403 [info ] [MainThread]: Running with dbt=1.11.8
[0m11:22:45.287403 [debug] [MainThread]: running dbt with arguments {'static_parser': 'True', 'no_print': 'None', 'version_check': 'True', 'target_path': 'None', 'warn_error_options': 'WarnErrorOptionsV2(error=[], warn=[], silence=[])', 'printer_width': '80', 'write_json': 'True', 'introspect': 'True', 'log_cache_events': 'False', 'empty': 'None', 'cache_selected_only': 'False', 'log_format': 'default', 'debug': 'False', 'fail_fast': 'False', 'profiles_dir': 'C:\\Users\\LENOVO\\.dbt', 'send_anonymous_usage_stats': 'True', 'quiet': 'False', 'warn_error': 'None', 'partial_parse': 'True', 'use_colors': 'True', 'invocation_command': 'dbt debug', 'indirect_selection': 'eager', 'use_experimental_parser': 'False', 'log_path': 'logs'}
[0m11:22:45.311511 [info ] [MainThread]: dbt version: 1.11.8
[0m11:22:45.312379 [info ] [MainThread]: python version: 3.11.9
[0m11:22:45.312379 [info ] [MainThread]: python path: C:\Users\LENOVO\Desktop\dbt-project\Scripts\python.exe
[0m11:22:45.312379 [info ] [MainThread]: os info: Windows-10-10.0.26200-SP0
[0m11:22:46.437564 [info ] [MainThread]: Using profiles dir at C:\Users\LENOVO\.dbt
[0m11:22:46.437564 [info ] [MainThread]: Using profiles.yml file at C:\Users\LENOVO\.dbt\profiles.yml
[0m11:22:46.442508 [info ] [MainThread]: Using dbt_project.yml file at C:\Users\LENOVO\Desktop\dbt-project\dbt_project.yml
[0m11:22:46.442508 [info ] [MainThread]: adapter type: bigquery
[0m11:22:46.442508 [info ] [MainThread]: adapter version: 1.11.1
[0m11:22:46.442508 [info ] [MainThread]: Configuration:
[0m11:22:46.447676 [info ] [MainThread]:   profiles.yml file [[32mOK found and valid[0m]
[0m11:22:46.451004 [info ] [MainThread]:   dbt_project.yml file [[31mERROR not found[0m]
[0m11:22:46.451004 [info ] [MainThread]: Required dependencies:
[0m11:22:46.451004 [debug] [MainThread]: Executing "git --help"
[0m11:22:46.507766 [debug] [MainThread]: STDOUT: "b"usage: git [-v | --version] [-h | --help] [-C <path>] [-c <name>=<value>]\n           [--exec-path[=<path>]] [--html-path] [--man-path] [--info-path]\n           [-p | --paginate | -P | --no-pager] [--no-replace-objects] [--no-lazy-fetch]\n           [--no-optional-locks] [--no-advice] [--bare] [--git-dir=<path>]\n           [--work-tree=<path>] [--namespace=<name>] [--config-env=<name>=<envvar>]\n           <command> [<args>]\n\nThese are common Git commands used in various situations:\n\nstart a working area (see also: git help tutorial)\n   clone      Clone a repository into a new directory\n   init       Create an empty Git repository or reinitialize an existing one\n\nwork on the current change (see also: git help everyday)\n   add        Add file contents to the index\n   mv         Move or rename a file, a directory, or a symlink\n   restore    Restore working tree files\n   rm         Remove files from the working tree and from the index\n\nexamine the history and state (see also: git help revisions)\n   bisect     Use binary search to find the commit that introduced a bug\n   diff       Show changes between commits, commit and working tree, etc\n   grep       Print lines matching a pattern\n   log        Show commit logs\n   show       Show various types of objects\n   status     Show the working tree status\n\ngrow, mark and tweak your common history\n   backfill   Download missing objects in a partial clone\n   branch     List, create, or delete branches\n   commit     Record changes to the repository\n   merge      Join two or more development histories together\n   rebase     Reapply commits on top of another base tip\n   reset      Set `HEAD` or the index to a known state\n   switch     Switch branches\n   tag        Create, list, delete or verify tags\n\ncollaborate (see also: git help workflows)\n   fetch      Download objects and refs from another repository\n   pull       Fetch from and integrate with another repository or a local branch\n   push       Update remote refs along with associated objects\n\n'git help -a' and 'git help -g' list available subcommands and some\nconcept guides. See 'git help <command>' or 'git help <concept>'\nto read about a specific subcommand or concept.\nSee 'git help git' for an overview of the system.\n""
[0m11:22:46.507766 [debug] [MainThread]: STDERR: "b''"
[0m11:22:46.507766 [info ] [MainThread]:  - git [[32mOK found[0m]

[0m11:22:46.512756 [info ] [MainThread]: Connection:
[0m11:22:46.512756 [info ] [MainThread]:   method: service-account
[0m11:22:46.512756 [info ] [MainThread]:   database: root-micron-435213-v0
[0m11:22:46.512756 [info ] [MainThread]:   execution_project: root-micron-435213-v0
[0m11:22:46.517494 [info ] [MainThread]:   schema: olist_analytics
[0m11:22:46.517494 [info ] [MainThread]:   location: US
[0m11:22:46.517494 [info ] [MainThread]:   priority: None
[0m11:22:46.517494 [info ] [MainThread]:   maximum_bytes_billed: None
[0m11:22:46.517494 [info ] [MainThread]:   impersonate_service_account: None
[0m11:22:46.517494 [info ] [MainThread]:   job_retry_deadline_seconds: None
[0m11:22:46.517494 [info ] [MainThread]:   job_retries: 1
[0m11:22:46.525474 [info ] [MainThread]:   job_creation_timeout_seconds: None
[0m11:22:46.525474 [info ] [MainThread]:   job_execution_timeout_seconds: None
[0m11:22:46.527615 [info ] [MainThread]:   timeout_seconds: None
[0m11:22:46.527615 [info ] [MainThread]:   client_id: None
[0m11:22:46.527615 [info ] [MainThread]:   token_uri: None
[0m11:22:46.527615 [info ] [MainThread]:   compute_region: None
[0m11:22:46.527615 [info ] [MainThread]:   dataproc_cluster_name: None
[0m11:22:46.527615 [info ] [MainThread]:   gcs_bucket: None
[0m11:22:46.533646 [info ] [MainThread]:   dataproc_batch: None
[0m11:22:46.534117 [info ] [MainThread]: Registered adapter: bigquery=1.11.1
[0m11:22:46.799546 [debug] [MainThread]: Acquiring new bigquery connection 'debug'
[0m11:22:46.799546 [debug] [MainThread]: On debug: select 1 as id
[0m11:22:46.799546 [debug] [MainThread]: Opening a new connection, currently in state init
[0m11:22:46.799546 [debug] [MainThread]: BigQuery adapter: Got an error when attempting to create a bigquery " "client: '[Errno 2] No such file or directory: 'C:\\Users\\LENOVO\\.dbt\\key.json''
[0m11:22:46.799546 [debug] [MainThread]: BigQuery adapter: Unhandled error while running:
select 1 as id
[0m11:22:46.799546 [debug] [MainThread]: BigQuery adapter: Database Error
  [Errno 2] No such file or directory: 'C:\\Users\\LENOVO\\.dbt\\key.json'
[0m11:22:46.799546 [info ] [MainThread]:   Connection test: [[31mERROR[0m]

[0m11:22:46.799546 [info ] [MainThread]: [31m2 checks failed:[0m
[0m11:22:46.799546 [info ] [MainThread]: Project loading failed for the following reason:
 project path <C:\Users\LENOVO\Desktop\dbt-project\dbt_project.yml> not found

[0m11:22:46.803590 [info ] [MainThread]: dbt was unable to connect to the specified database.
The database returned the following error:

  >'NoneType' object has no attribute 'close'

Check your database credentials and try again. For more information, visit:
https://docs.getdbt.com/docs/configure-your-profile


[0m11:22:46.804596 [debug] [MainThread]: Command `dbt debug` failed at 11:22:46.804596 after 1.65 seconds
[0m11:22:46.804596 [debug] [MainThread]: Sending event: {'category': 'dbt', 'action': 'invocation', 'label': 'end', 'context': [<snowplow_tracker.self_describing_json.SelfDescribingJson object at 0x00000217B9EB0490>, <snowplow_tracker.self_describing_json.SelfDescribingJson object at 0x00000217B46B7710>, <snowplow_tracker.self_describing_json.SelfDescribingJson object at 0x00000217BA3AA090>]}
[0m11:22:46.804596 [debug] [MainThread]: Flushing usage events
[0m11:22:48.123520 [debug] [MainThread]: An error was encountered while trying to flush usage events
[0m11:47:15.963742 [debug] [MainThread]: Sending event: {'category': 'dbt', 'action': 'invocation', 'label': 'start', 'context': [<snowplow_tracker.self_describing_json.SelfDescribingJson object at 0x00000240845B6590>, <snowplow_tracker.self_describing_json.SelfDescribingJson object at 0x00000240845B59D0>, <snowplow_tracker.self_describing_json.SelfDescribingJson object at 0x0000024083581810>]}


============================== 11:47:15.963742 | 121242a8-0f46-4c41-bfd5-086105100fbd ==============================
[0m11:47:15.963742 [info ] [MainThread]: Running with dbt=1.11.8
[0m11:47:15.963742 [debug] [MainThread]: running dbt with arguments {'version_check': 'True', 'no_print': 'None', 'static_parser': 'True', 'warn_error_options': 'WarnErrorOptionsV2(error=[], warn=[], silence=[])', 'target_path': 'None', 'printer_width': '80', 'write_json': 'True', 'introspect': 'True', 'log_cache_events': 'False', 'empty': 'None', 'cache_selected_only': 'False', 'log_format': 'default', 'debug': 'False', 'fail_fast': 'False', 'profiles_dir': 'C:\\Users\\LENOVO\\.dbt', 'send_anonymous_usage_stats': 'True', 'quiet': 'False', 'warn_error': 'None', 'partial_parse': 'True', 'use_colors': 'True', 'invocation_command': 'dbt debug', 'indirect_selection': 'eager', 'use_experimental_parser': 'False', 'log_path': 'logs'}
[0m11:47:15.979867 [info ] [MainThread]: dbt version: 1.11.8
[0m11:47:15.979867 [info ] [MainThread]: python version: 3.11.9
[0m11:47:15.979867 [info ] [MainThread]: python path: C:\Users\LENOVO\Desktop\dbt-project\Scripts\python.exe
[0m11:47:15.979867 [info ] [MainThread]: os info: Windows-10-10.0.26200-SP0
[0m11:47:16.848231 [info ] [MainThread]: Using profiles dir at C:\Users\LENOVO\.dbt
[0m11:47:16.850236 [info ] [MainThread]: Using profiles.yml file at C:\Users\LENOVO\.dbt\profiles.yml
[0m11:47:16.850236 [info ] [MainThread]: Using dbt_project.yml file at C:\Users\LENOVO\Desktop\dbt-project\dbt_project.yml
[0m11:47:16.853869 [info ] [MainThread]: adapter type: bigquery
[0m11:47:16.853869 [info ] [MainThread]: adapter version: 1.11.1
[0m11:47:16.853869 [info ] [MainThread]: Configuration:
[0m11:47:16.853869 [info ] [MainThread]:   profiles.yml file [[32mOK found and valid[0m]
[0m11:47:16.853869 [info ] [MainThread]:   dbt_project.yml file [[31mERROR not found[0m]
[0m11:47:16.853869 [info ] [MainThread]: Required dependencies:
[0m11:47:16.853869 [debug] [MainThread]: Executing "git --help"
[0m11:47:16.885271 [debug] [MainThread]: STDOUT: "b"usage: git [-v | --version] [-h | --help] [-C <path>] [-c <name>=<value>]\n           [--exec-path[=<path>]] [--html-path] [--man-path] [--info-path]\n           [-p | --paginate | -P | --no-pager] [--no-replace-objects] [--no-lazy-fetch]\n           [--no-optional-locks] [--no-advice] [--bare] [--git-dir=<path>]\n           [--work-tree=<path>] [--namespace=<name>] [--config-env=<name>=<envvar>]\n           <command> [<args>]\n\nThese are common Git commands used in various situations:\n\nstart a working area (see also: git help tutorial)\n   clone      Clone a repository into a new directory\n   init       Create an empty Git repository or reinitialize an existing one\n\nwork on the current change (see also: git help everyday)\n   add        Add file contents to the index\n   mv         Move or rename a file, a directory, or a symlink\n   restore    Restore working tree files\n   rm         Remove files from the working tree and from the index\n\nexamine the history and state (see also: git help revisions)\n   bisect     Use binary search to find the commit that introduced a bug\n   diff       Show changes between commits, commit and working tree, etc\n   grep       Print lines matching a pattern\n   log        Show commit logs\n   show       Show various types of objects\n   status     Show the working tree status\n\ngrow, mark and tweak your common history\n   backfill   Download missing objects in a partial clone\n   branch     List, create, or delete branches\n   commit     Record changes to the repository\n   merge      Join two or more development histories together\n   rebase     Reapply commits on top of another base tip\n   reset      Set `HEAD` or the index to a known state\n   switch     Switch branches\n   tag        Create, list, delete or verify tags\n\ncollaborate (see also: git help workflows)\n   fetch      Download objects and refs from another repository\n   pull       Fetch from and integrate with another repository or a local branch\n   push       Update remote refs along with associated objects\n\n'git help -a' and 'git help -g' list available subcommands and some\nconcept guides. See 'git help <command>' or 'git help <concept>'\nto read about a specific subcommand or concept.\nSee 'git help git' for an overview of the system.\n""
[0m11:47:16.885271 [debug] [MainThread]: STDERR: "b''"
[0m11:47:16.885271 [info ] [MainThread]:  - git [[32mOK found[0m]

[0m11:47:16.885271 [info ] [MainThread]: Connection:
[0m11:47:16.885271 [info ] [MainThread]:   method: service-account
[0m11:47:16.885271 [info ] [MainThread]:   database: root-micron-435213-v0
[0m11:47:16.885271 [info ] [MainThread]:   execution_project: root-micron-435213-v0
[0m11:47:16.885271 [info ] [MainThread]:   schema: olist_analytics
[0m11:47:16.885271 [info ] [MainThread]:   location: US
[0m11:47:16.885271 [info ] [MainThread]:   priority: None
[0m11:47:16.885271 [info ] [MainThread]:   maximum_bytes_billed: None
[0m11:47:16.885271 [info ] [MainThread]:   impersonate_service_account: None
[0m11:47:16.885271 [info ] [MainThread]:   job_retry_deadline_seconds: None
[0m11:47:16.885271 [info ] [MainThread]:   job_retries: 1
[0m11:47:16.885271 [info ] [MainThread]:   job_creation_timeout_seconds: None
[0m11:47:16.885271 [info ] [MainThread]:   job_execution_timeout_seconds: None
[0m11:47:16.885271 [info ] [MainThread]:   timeout_seconds: None
[0m11:47:16.885271 [info ] [MainThread]:   client_id: None
[0m11:47:16.885271 [info ] [MainThread]:   token_uri: None
[0m11:47:16.885271 [info ] [MainThread]:   compute_region: None
[0m11:47:16.885271 [info ] [MainThread]:   dataproc_cluster_name: None
[0m11:47:16.885271 [info ] [MainThread]:   gcs_bucket: None
[0m11:47:16.885271 [info ] [MainThread]:   dataproc_batch: None
[0m11:47:16.885271 [info ] [MainThread]: Registered adapter: bigquery=1.11.1
[0m11:47:17.144507 [debug] [MainThread]: Acquiring new bigquery connection 'debug'
[0m11:47:17.144507 [debug] [MainThread]: On debug: select 1 as id
[0m11:47:17.144507 [debug] [MainThread]: Opening a new connection, currently in state init
[0m11:47:19.313239 [error] [MainThread]: BigQuery adapter: https://console.cloud.google.com/bigquery?project=root-micron-435213-v0&j=bq:US:ef9a3390-128b-4441-8014-5e05c79bf857&page=queryresults
[0m11:47:19.320030 [info ] [MainThread]:   Connection test: [[31mERROR[0m]

[0m11:47:19.320030 [info ] [MainThread]: [31m2 checks failed:[0m
[0m11:47:19.320030 [info ] [MainThread]: Project loading failed for the following reason:
 project path <C:\Users\LENOVO\Desktop\dbt-project\dbt_project.yml> not found

[0m11:47:19.320030 [info ] [MainThread]: dbt was unable to connect to the specified database.
The database returned the following error:

  >Database Error
  Access Denied: Project root-micron-435213-v0: User does not have bigquery.jobs.create permission in project root-micron-435213-v0.

Check your database credentials and try again. For more information, visit:
https://docs.getdbt.com/docs/configure-your-profile


[0m11:47:19.327643 [debug] [MainThread]: Command `dbt debug` failed at 11:47:19.327643 after 3.43 seconds
[0m11:47:19.327643 [debug] [MainThread]: Connection 'debug' was properly closed.
[0m11:47:19.329658 [debug] [MainThread]: Sending event: {'category': 'dbt', 'action': 'invocation', 'label': 'end', 'context': [<snowplow_tracker.self_describing_json.SelfDescribingJson object at 0x00000240FC9E6650>, <snowplow_tracker.self_describing_json.SelfDescribingJson object at 0x00000240845B4C10>, <snowplow_tracker.self_describing_json.SelfDescribingJson object at 0x00000240A53BEED0>]}
[0m11:47:19.329658 [debug] [MainThread]: Flushing usage events
[0m11:47:20.556545 [debug] [MainThread]: An error was encountered while trying to flush usage events
[0m11:48:34.371235 [debug] [MainThread]: Sending event: {'category': 'dbt', 'action': 'invocation', 'label': 'start', 'context': [<snowplow_tracker.self_describing_json.SelfDescribingJson object at 0x0000018EC85F1510>, <snowplow_tracker.self_describing_json.SelfDescribingJson object at 0x0000018EC85F0390>, <snowplow_tracker.self_describing_json.SelfDescribingJson object at 0x0000018EC85F3DD0>]}


============================== 11:48:34.371235 | 196ef6c3-dda1-44fe-aaf9-7d095e7254fc ==============================
[0m11:48:34.371235 [info ] [MainThread]: Running with dbt=1.11.8
[0m11:48:34.371235 [debug] [MainThread]: running dbt with arguments {'static_parser': 'True', 'no_print': 'None', 'version_check': 'True', 'warn_error_options': 'WarnErrorOptionsV2(error=[], warn=[], silence=[])', 'target_path': 'None', 'printer_width': '80', 'write_json': 'True', 'introspect': 'True', 'log_cache_events': 'False', 'empty': 'None', 'cache_selected_only': 'False', 'fail_fast': 'False', 'debug': 'False', 'log_format': 'default', 'profiles_dir': 'C:\\Users\\LENOVO\\.dbt', 'send_anonymous_usage_stats': 'True', 'quiet': 'False', 'warn_error': 'None', 'partial_parse': 'True', 'use_colors': 'True', 'invocation_command': 'dbt debug', 'indirect_selection': 'eager', 'use_experimental_parser': 'False', 'log_path': 'logs'}
[0m11:48:34.387145 [info ] [MainThread]: dbt version: 1.11.8
[0m11:48:34.403122 [info ] [MainThread]: python version: 3.11.9
[0m11:48:34.406048 [info ] [MainThread]: python path: C:\Users\LENOVO\Desktop\dbt-project\Scripts\python.exe
[0m11:48:34.406048 [info ] [MainThread]: os info: Windows-10-10.0.26200-SP0
[0m11:48:35.289638 [info ] [MainThread]: Using profiles dir at C:\Users\LENOVO\.dbt
[0m11:48:35.289638 [info ] [MainThread]: Using profiles.yml file at C:\Users\LENOVO\.dbt\profiles.yml
[0m11:48:35.289638 [info ] [MainThread]: Using dbt_project.yml file at C:\Users\LENOVO\Desktop\dbt-project\dbt_project.yml
[0m11:48:35.289638 [info ] [MainThread]: adapter type: bigquery
[0m11:48:35.289638 [info ] [MainThread]: adapter version: 1.11.1
[0m11:48:35.289638 [info ] [MainThread]: Configuration:
[0m11:48:35.289638 [info ] [MainThread]:   profiles.yml file [[32mOK found and valid[0m]
[0m11:48:35.289638 [info ] [MainThread]:   dbt_project.yml file [[31mERROR not found[0m]
[0m11:48:35.289638 [info ] [MainThread]: Required dependencies:
[0m11:48:35.289638 [debug] [MainThread]: Executing "git --help"
[0m11:48:35.336777 [debug] [MainThread]: STDOUT: "b"usage: git [-v | --version] [-h | --help] [-C <path>] [-c <name>=<value>]\n           [--exec-path[=<path>]] [--html-path] [--man-path] [--info-path]\n           [-p | --paginate | -P | --no-pager] [--no-replace-objects] [--no-lazy-fetch]\n           [--no-optional-locks] [--no-advice] [--bare] [--git-dir=<path>]\n           [--work-tree=<path>] [--namespace=<name>] [--config-env=<name>=<envvar>]\n           <command> [<args>]\n\nThese are common Git commands used in various situations:\n\nstart a working area (see also: git help tutorial)\n   clone      Clone a repository into a new directory\n   init       Create an empty Git repository or reinitialize an existing one\n\nwork on the current change (see also: git help everyday)\n   add        Add file contents to the index\n   mv         Move or rename a file, a directory, or a symlink\n   restore    Restore working tree files\n   rm         Remove files from the working tree and from the index\n\nexamine the history and state (see also: git help revisions)\n   bisect     Use binary search to find the commit that introduced a bug\n   diff       Show changes between commits, commit and working tree, etc\n   grep       Print lines matching a pattern\n   log        Show commit logs\n   show       Show various types of objects\n   status     Show the working tree status\n\ngrow, mark and tweak your common history\n   backfill   Download missing objects in a partial clone\n   branch     List, create, or delete branches\n   commit     Record changes to the repository\n   merge      Join two or more development histories together\n   rebase     Reapply commits on top of another base tip\n   reset      Set `HEAD` or the index to a known state\n   switch     Switch branches\n   tag        Create, list, delete or verify tags\n\ncollaborate (see also: git help workflows)\n   fetch      Download objects and refs from another repository\n   pull       Fetch from and integrate with another repository or a local branch\n   push       Update remote refs along with associated objects\n\n'git help -a' and 'git help -g' list available subcommands and some\nconcept guides. See 'git help <command>' or 'git help <concept>'\nto read about a specific subcommand or concept.\nSee 'git help git' for an overview of the system.\n""
[0m11:48:35.336777 [debug] [MainThread]: STDERR: "b''"
[0m11:48:35.336777 [info ] [MainThread]:  - git [[32mOK found[0m]

[0m11:48:35.336777 [info ] [MainThread]: Connection:
[0m11:48:35.336777 [info ] [MainThread]:   method: service-account
[0m11:48:35.336777 [info ] [MainThread]:   database: root-micron-435213-v0
[0m11:48:35.336777 [info ] [MainThread]:   execution_project: root-micron-435213-v0
[0m11:48:35.336777 [info ] [MainThread]:   schema: olist
[0m11:48:35.336777 [info ] [MainThread]:   location: US
[0m11:48:35.336777 [info ] [MainThread]:   priority: None
[0m11:48:35.336777 [info ] [MainThread]:   maximum_bytes_billed: None
[0m11:48:35.336777 [info ] [MainThread]:   impersonate_service_account: None
[0m11:48:35.336777 [info ] [MainThread]:   job_retry_deadline_seconds: None
[0m11:48:35.336777 [info ] [MainThread]:   job_retries: 1
[0m11:48:35.336777 [info ] [MainThread]:   job_creation_timeout_seconds: None
[0m11:48:35.336777 [info ] [MainThread]:   job_execution_timeout_seconds: None
[0m11:48:35.336777 [info ] [MainThread]:   timeout_seconds: None
[0m11:48:35.336777 [info ] [MainThread]:   client_id: None
[0m11:48:35.336777 [info ] [MainThread]:   token_uri: None
[0m11:48:35.336777 [info ] [MainThread]:   compute_region: None
[0m11:48:35.336777 [info ] [MainThread]:   dataproc_cluster_name: None
[0m11:48:35.336777 [info ] [MainThread]:   gcs_bucket: None
[0m11:48:35.336777 [info ] [MainThread]:   dataproc_batch: None
[0m11:48:35.352578 [info ] [MainThread]: Registered adapter: bigquery=1.11.1
[0m11:48:35.590494 [debug] [MainThread]: Acquiring new bigquery connection 'debug'
[0m11:48:35.590494 [debug] [MainThread]: On debug: select 1 as id
[0m11:48:35.590494 [debug] [MainThread]: Opening a new connection, currently in state init
[0m11:48:38.064648 [error] [MainThread]: BigQuery adapter: https://console.cloud.google.com/bigquery?project=root-micron-435213-v0&j=bq:US:29f3c5b9-75f1-4c02-8896-90c944e3a260&page=queryresults
[0m11:48:38.070698 [info ] [MainThread]:   Connection test: [[31mERROR[0m]

[0m11:48:38.070698 [info ] [MainThread]: [31m2 checks failed:[0m
[0m11:48:38.073698 [info ] [MainThread]: Project loading failed for the following reason:
 project path <C:\Users\LENOVO\Desktop\dbt-project\dbt_project.yml> not found

[0m11:48:38.073698 [info ] [MainThread]: dbt was unable to connect to the specified database.
The database returned the following error:

  >Database Error
  Access Denied: Project root-micron-435213-v0: User does not have bigquery.jobs.create permission in project root-micron-435213-v0.

Check your database credentials and try again. For more information, visit:
https://docs.getdbt.com/docs/configure-your-profile


[0m11:48:38.078145 [debug] [MainThread]: Command `dbt debug` failed at 11:48:38.073698 after 3.81 seconds
[0m11:48:38.078145 [debug] [MainThread]: Connection 'debug' was properly closed.
[0m11:48:38.078145 [debug] [MainThread]: Sending event: {'category': 'dbt', 'action': 'invocation', 'label': 'end', 'context': [<snowplow_tracker.self_describing_json.SelfDescribingJson object at 0x0000018EC1AA6650>, <snowplow_tracker.self_describing_json.SelfDescribingJson object at 0x0000018EEA43E850>, <snowplow_tracker.self_describing_json.SelfDescribingJson object at 0x0000018EC1AF0B90>]}
[0m11:48:38.080159 [debug] [MainThread]: Flushing usage events
[0m11:48:41.563034 [debug] [MainThread]: An error was encountered while trying to flush usage events
[0m11:50:09.659418 [debug] [MainThread]: Sending event: {'category': 'dbt', 'action': 'invocation', 'label': 'start', 'context': [<snowplow_tracker.self_describing_json.SelfDescribingJson object at 0x000001D95DCEF4D0>, <snowplow_tracker.self_describing_json.SelfDescribingJson object at 0x000001D964523C90>, <snowplow_tracker.self_describing_json.SelfDescribingJson object at 0x000001D964521450>]}


============================== 11:50:09.675439 | 0ccc93d4-c116-498f-a667-f3686b5f786f ==============================
[0m11:50:09.675439 [info ] [MainThread]: Running with dbt=1.11.8
[0m11:50:09.675439 [debug] [MainThread]: running dbt with arguments {'version_check': 'True', 'no_print': 'None', 'static_parser': 'True', 'warn_error_options': 'WarnErrorOptionsV2(error=[], warn=[], silence=[])', 'target_path': 'None', 'printer_width': '80', 'write_json': 'True', 'empty': 'None', 'log_cache_events': 'False', 'introspect': 'True', 'cache_selected_only': 'False', 'fail_fast': 'False', 'debug': 'False', 'log_format': 'default', 'profiles_dir': 'C:\\Users\\LENOVO\\.dbt', 'send_anonymous_usage_stats': 'True', 'quiet': 'False', 'warn_error': 'None', 'partial_parse': 'True', 'invocation_command': 'dbt debug', 'indirect_selection': 'eager', 'use_colors': 'True', 'use_experimental_parser': 'False', 'log_path': 'logs'}
[0m11:50:09.696188 [info ] [MainThread]: dbt version: 1.11.8
[0m11:50:09.696188 [info ] [MainThread]: python version: 3.11.9
[0m11:50:09.696188 [info ] [MainThread]: python path: C:\Users\LENOVO\Desktop\dbt-project\Scripts\python.exe
[0m11:50:09.696188 [info ] [MainThread]: os info: Windows-10-10.0.26200-SP0
[0m11:50:10.872670 [info ] [MainThread]: Using profiles dir at C:\Users\LENOVO\.dbt
[0m11:50:10.888491 [info ] [MainThread]: Using profiles.yml file at C:\Users\LENOVO\.dbt\profiles.yml
[0m11:50:10.888491 [info ] [MainThread]: Using dbt_project.yml file at C:\Users\LENOVO\Desktop\dbt-project\dbt_project.yml
[0m11:50:10.891439 [info ] [MainThread]: adapter type: bigquery
[0m11:50:10.891439 [info ] [MainThread]: adapter version: 1.11.1
[0m11:50:10.891439 [info ] [MainThread]: Configuration:
[0m11:50:10.896396 [info ] [MainThread]:   profiles.yml file [[32mOK found and valid[0m]
[0m11:50:10.896396 [info ] [MainThread]:   dbt_project.yml file [[31mERROR not found[0m]
[0m11:50:10.899274 [info ] [MainThread]: Required dependencies:
[0m11:50:10.899274 [debug] [MainThread]: Executing "git --help"
[0m11:50:10.951370 [debug] [MainThread]: STDOUT: "b"usage: git [-v | --version] [-h | --help] [-C <path>] [-c <name>=<value>]\n           [--exec-path[=<path>]] [--html-path] [--man-path] [--info-path]\n           [-p | --paginate | -P | --no-pager] [--no-replace-objects] [--no-lazy-fetch]\n           [--no-optional-locks] [--no-advice] [--bare] [--git-dir=<path>]\n           [--work-tree=<path>] [--namespace=<name>] [--config-env=<name>=<envvar>]\n           <command> [<args>]\n\nThese are common Git commands used in various situations:\n\nstart a working area (see also: git help tutorial)\n   clone      Clone a repository into a new directory\n   init       Create an empty Git repository or reinitialize an existing one\n\nwork on the current change (see also: git help everyday)\n   add        Add file contents to the index\n   mv         Move or rename a file, a directory, or a symlink\n   restore    Restore working tree files\n   rm         Remove files from the working tree and from the index\n\nexamine the history and state (see also: git help revisions)\n   bisect     Use binary search to find the commit that introduced a bug\n   diff       Show changes between commits, commit and working tree, etc\n   grep       Print lines matching a pattern\n   log        Show commit logs\n   show       Show various types of objects\n   status     Show the working tree status\n\ngrow, mark and tweak your common history\n   backfill   Download missing objects in a partial clone\n   branch     List, create, or delete branches\n   commit     Record changes to the repository\n   merge      Join two or more development histories together\n   rebase     Reapply commits on top of another base tip\n   reset      Set `HEAD` or the index to a known state\n   switch     Switch branches\n   tag        Create, list, delete or verify tags\n\ncollaborate (see also: git help workflows)\n   fetch      Download objects and refs from another repository\n   pull       Fetch from and integrate with another repository or a local branch\n   push       Update remote refs along with associated objects\n\n'git help -a' and 'git help -g' list available subcommands and some\nconcept guides. See 'git help <command>' or 'git help <concept>'\nto read about a specific subcommand or concept.\nSee 'git help git' for an overview of the system.\n""
[0m11:50:10.951370 [debug] [MainThread]: STDERR: "b''"
[0m11:50:10.951370 [info ] [MainThread]:  - git [[32mOK found[0m]

[0m11:50:10.951370 [info ] [MainThread]: Connection:
[0m11:50:10.951370 [info ] [MainThread]:   method: service-account
[0m11:50:10.951370 [info ] [MainThread]:   database: root-micron-435213-v0
[0m11:50:10.951370 [info ] [MainThread]:   execution_project: root-micron-435213-v0
[0m11:50:10.951370 [info ] [MainThread]:   schema: olist
[0m11:50:10.951370 [info ] [MainThread]:   location: US
[0m11:50:10.951370 [info ] [MainThread]:   priority: None
[0m11:50:10.951370 [info ] [MainThread]:   maximum_bytes_billed: None
[0m11:50:10.951370 [info ] [MainThread]:   impersonate_service_account: None
[0m11:50:10.962808 [info ] [MainThread]:   job_retry_deadline_seconds: None
[0m11:50:10.962808 [info ] [MainThread]:   job_retries: 1
[0m11:50:10.962808 [info ] [MainThread]:   job_creation_timeout_seconds: None
[0m11:50:10.962808 [info ] [MainThread]:   job_execution_timeout_seconds: None
[0m11:50:10.962808 [info ] [MainThread]:   timeout_seconds: None
[0m11:50:10.967038 [info ] [MainThread]:   client_id: None
[0m11:50:10.967038 [info ] [MainThread]:   token_uri: None
[0m11:50:10.969050 [info ] [MainThread]:   compute_region: None
[0m11:50:10.969050 [info ] [MainThread]:   dataproc_cluster_name: None
[0m11:50:10.969050 [info ] [MainThread]:   gcs_bucket: None
[0m11:50:10.969050 [info ] [MainThread]:   dataproc_batch: None
[0m11:50:10.969050 [info ] [MainThread]: Registered adapter: bigquery=1.11.1
[0m11:50:11.254204 [debug] [MainThread]: Acquiring new bigquery connection 'debug'
[0m11:50:11.254204 [debug] [MainThread]: On debug: select 1 as id
[0m11:50:11.254204 [debug] [MainThread]: Opening a new connection, currently in state init
[0m11:50:13.821605 [debug] [MainThread]: BigQuery adapter: https://console.cloud.google.com/bigquery?project=root-micron-435213-v0&j=bq:US:8862e43a-b0d9-4488-93d6-6dda2eb4b7aa&page=queryresults
[0m11:50:14.324905 [debug] [MainThread]: SQL status: OK in 0.501 seconds
[0m11:50:14.837568 [info ] [MainThread]:   Connection test: [[32mOK connection ok[0m]

[0m11:50:14.837568 [info ] [MainThread]: [31m1 check failed:[0m
[0m11:50:14.837568 [info ] [MainThread]: Project loading failed for the following reason:
 project path <C:\Users\LENOVO\Desktop\dbt-project\dbt_project.yml> not found

[0m11:50:14.837568 [debug] [MainThread]: Command `dbt debug` failed at 11:50:14.837568 after 5.28 seconds
[0m11:50:14.837568 [debug] [MainThread]: Connection 'debug' was properly closed.
[0m11:50:14.846353 [debug] [MainThread]: Sending event: {'category': 'dbt', 'action': 'invocation', 'label': 'end', 'context': [<snowplow_tracker.self_describing_json.SelfDescribingJson object at 0x000001D964522CD0>, <snowplow_tracker.self_describing_json.SelfDescribingJson object at 0x000001D964523650>, <snowplow_tracker.self_describing_json.SelfDescribingJson object at 0x000001D95D985590>]}
[0m11:50:14.846353 [debug] [MainThread]: Flushing usage events
[0m11:50:16.181269 [debug] [MainThread]: An error was encountered while trying to flush usage events
[0m11:51:23.895157 [debug] [MainThread]: Sending event: {'category': 'dbt', 'action': 'invocation', 'label': 'start', 'context': [<snowplow_tracker.self_describing_json.SelfDescribingJson object at 0x000001D17DC10410>, <snowplow_tracker.self_describing_json.SelfDescribingJson object at 0x000001D17DC11810>, <snowplow_tracker.self_describing_json.SelfDescribingJson object at 0x000001D17DC11CD0>]}


============================== 11:51:23.895157 | a7ce452d-649c-4c45-bd00-ba1d32ad27ce ==============================
[0m11:51:23.895157 [info ] [MainThread]: Running with dbt=1.11.8
[0m11:51:23.895157 [debug] [MainThread]: running dbt with arguments {'version_check': 'True', 'no_print': 'None', 'static_parser': 'True', 'target_path': 'None', 'warn_error_options': 'WarnErrorOptionsV2(error=[], warn=[], silence=[])', 'printer_width': '80', 'write_json': 'True', 'empty': 'None', 'log_cache_events': 'False', 'introspect': 'True', 'cache_selected_only': 'False', 'fail_fast': 'False', 'debug': 'False', 'log_format': 'default', 'profiles_dir': 'C:\\Users\\LENOVO\\.dbt', 'send_anonymous_usage_stats': 'True', 'quiet': 'False', 'warn_error': 'None', 'partial_parse': 'True', 'invocation_command': 'dbt debug', 'indirect_selection': 'eager', 'use_colors': 'True', 'use_experimental_parser': 'False', 'log_path': 'C:\\Users\\LENOVO\\Desktop\\dbt-project\\logs'}
[0m11:51:23.911122 [info ] [MainThread]: dbt version: 1.11.8
[0m11:51:23.911122 [info ] [MainThread]: python version: 3.11.9
[0m11:51:23.911122 [info ] [MainThread]: python path: C:\Users\LENOVO\Desktop\dbt-project\Scripts\python.exe
[0m11:51:23.911122 [info ] [MainThread]: os info: Windows-10-10.0.26200-SP0
[0m11:51:25.246492 [info ] [MainThread]: Using profiles dir at C:\Users\LENOVO\.dbt
[0m11:51:25.246492 [info ] [MainThread]: Using profiles.yml file at C:\Users\LENOVO\.dbt\profiles.yml
[0m11:51:25.253418 [info ] [MainThread]: Using dbt_project.yml file at C:\Users\LENOVO\Desktop\dbt-project\dbt_project.yml
[0m11:51:25.253418 [info ] [MainThread]: adapter type: bigquery
[0m11:51:25.253418 [info ] [MainThread]: adapter version: 1.11.1
[0m11:51:25.390334 [info ] [MainThread]: Configuration:
[0m11:51:25.390334 [info ] [MainThread]:   profiles.yml file [[32mOK found and valid[0m]
[0m11:51:25.395046 [info ] [MainThread]:   dbt_project.yml file [[32mOK found and valid[0m]
[0m11:51:25.395046 [info ] [MainThread]: Required dependencies:
[0m11:51:25.395046 [debug] [MainThread]: Executing "git --help"
[0m11:51:25.456398 [debug] [MainThread]: STDOUT: "b"usage: git [-v | --version] [-h | --help] [-C <path>] [-c <name>=<value>]\n           [--exec-path[=<path>]] [--html-path] [--man-path] [--info-path]\n           [-p | --paginate | -P | --no-pager] [--no-replace-objects] [--no-lazy-fetch]\n           [--no-optional-locks] [--no-advice] [--bare] [--git-dir=<path>]\n           [--work-tree=<path>] [--namespace=<name>] [--config-env=<name>=<envvar>]\n           <command> [<args>]\n\nThese are common Git commands used in various situations:\n\nstart a working area (see also: git help tutorial)\n   clone      Clone a repository into a new directory\n   init       Create an empty Git repository or reinitialize an existing one\n\nwork on the current change (see also: git help everyday)\n   add        Add file contents to the index\n   mv         Move or rename a file, a directory, or a symlink\n   restore    Restore working tree files\n   rm         Remove files from the working tree and from the index\n\nexamine the history and state (see also: git help revisions)\n   bisect     Use binary search to find the commit that introduced a bug\n   diff       Show changes between commits, commit and working tree, etc\n   grep       Print lines matching a pattern\n   log        Show commit logs\n   show       Show various types of objects\n   status     Show the working tree status\n\ngrow, mark and tweak your common history\n   backfill   Download missing objects in a partial clone\n   branch     List, create, or delete branches\n   commit     Record changes to the repository\n   merge      Join two or more development histories together\n   rebase     Reapply commits on top of another base tip\n   reset      Set `HEAD` or the index to a known state\n   switch     Switch branches\n   tag        Create, list, delete or verify tags\n\ncollaborate (see also: git help workflows)\n   fetch      Download objects and refs from another repository\n   pull       Fetch from and integrate with another repository or a local branch\n   push       Update remote refs along with associated objects\n\n'git help -a' and 'git help -g' list available subcommands and some\nconcept guides. See 'git help <command>' or 'git help <concept>'\nto read about a specific subcommand or concept.\nSee 'git help git' for an overview of the system.\n""
[0m11:51:25.458411 [debug] [MainThread]: STDERR: "b''"
[0m11:51:25.458411 [info ] [MainThread]:  - git [[32mOK found[0m]

[0m11:51:25.460926 [info ] [MainThread]: Connection:
[0m11:51:25.460926 [info ] [MainThread]:   method: service-account
[0m11:51:25.460926 [info ] [MainThread]:   database: root-micron-435213-v0
[0m11:51:25.460926 [info ] [MainThread]:   execution_project: root-micron-435213-v0
[0m11:51:25.460926 [info ] [MainThread]:   schema: olist
[0m11:51:25.460926 [info ] [MainThread]:   location: US
[0m11:51:25.460926 [info ] [MainThread]:   priority: None
[0m11:51:25.460926 [info ] [MainThread]:   maximum_bytes_billed: None
[0m11:51:25.470423 [info ] [MainThread]:   impersonate_service_account: None
[0m11:51:25.470423 [info ] [MainThread]:   job_retry_deadline_seconds: None
[0m11:51:25.470423 [info ] [MainThread]:   job_retries: 1
[0m11:51:25.470423 [info ] [MainThread]:   job_creation_timeout_seconds: None
[0m11:51:25.470423 [info ] [MainThread]:   job_execution_timeout_seconds: None
[0m11:51:25.470423 [info ] [MainThread]:   timeout_seconds: None
[0m11:51:25.470423 [info ] [MainThread]:   client_id: None
[0m11:51:25.470423 [info ] [MainThread]:   token_uri: None
[0m11:51:25.470423 [info ] [MainThread]:   compute_region: None
[0m11:51:25.470423 [info ] [MainThread]:   dataproc_cluster_name: None
[0m11:51:25.470423 [info ] [MainThread]:   gcs_bucket: None
[0m11:51:25.470423 [info ] [MainThread]:   dataproc_batch: None
[0m11:51:25.470423 [info ] [MainThread]: Registered adapter: bigquery=1.11.1
[0m11:51:25.786505 [debug] [MainThread]: Acquiring new bigquery connection 'debug'
[0m11:51:25.788517 [debug] [MainThread]: On debug: select 1 as id
[0m11:51:25.788517 [debug] [MainThread]: Opening a new connection, currently in state init
[0m11:51:28.764706 [debug] [MainThread]: BigQuery adapter: https://console.cloud.google.com/bigquery?project=root-micron-435213-v0&j=bq:US:4bea89eb-de3a-4af1-b6e5-a56d878b2c0b&page=queryresults
[0m11:51:29.214695 [debug] [MainThread]: SQL status: OK in 0.461 seconds
[0m11:51:29.655645 [info ] [MainThread]:   Connection test: [[32mOK connection ok[0m]

[0m11:51:29.655645 [info ] [MainThread]: [32mAll checks passed![0m
[0m11:51:29.663642 [debug] [MainThread]: Command `dbt debug` succeeded at 11:51:29.655645 after 5.89 seconds
[0m11:51:29.664657 [debug] [MainThread]: Connection 'debug' was properly closed.
[0m11:51:29.664657 [debug] [MainThread]: Sending event: {'category': 'dbt', 'action': 'invocation', 'label': 'end', 'context': [<snowplow_tracker.self_describing_json.SelfDescribingJson object at 0x000001D177131750>, <snowplow_tracker.self_describing_json.SelfDescribingJson object at 0x000001D177193F90>, <snowplow_tracker.self_describing_json.SelfDescribingJson object at 0x000001D177107850>]}
[0m11:51:29.664657 [debug] [MainThread]: Flushing usage events
[0m11:51:30.930674 [debug] [MainThread]: An error was encountered while trying to flush usage events
[0m12:18:40.681685 [debug] [MainThread]: Sending event: {'category': 'dbt', 'action': 'invocation', 'label': 'start', 'context': [<snowplow_tracker.self_describing_json.SelfDescribingJson object at 0x000001E5A7112850>, <snowplow_tracker.self_describing_json.SelfDescribingJson object at 0x000001E5A818BDD0>, <snowplow_tracker.self_describing_json.SelfDescribingJson object at 0x000001E5A818BFD0>]}


============================== 12:18:40.683700 | 69acaf59-e7e7-447b-b0fa-7371e54662dd ==============================
[0m12:18:40.683700 [info ] [MainThread]: Running with dbt=1.11.8
[0m12:18:40.683700 [debug] [MainThread]: running dbt with arguments {'version_check': 'True', 'no_print': 'None', 'static_parser': 'True', 'warn_error_options': 'WarnErrorOptionsV2(error=[], warn=[], silence=[])', 'target_path': 'None', 'printer_width': '80', 'write_json': 'True', 'empty': 'False', 'log_cache_events': 'False', 'introspect': 'True', 'cache_selected_only': 'False', 'log_format': 'default', 'debug': 'False', 'fail_fast': 'False', 'partial_parse': 'True', 'send_anonymous_usage_stats': 'True', 'quiet': 'False', 'warn_error': 'None', 'profiles_dir': 'C:\\Users\\LENOVO\\.dbt', 'indirect_selection': 'eager', 'invocation_command': 'dbt run', 'use_colors': 'True', 'use_experimental_parser': 'False', 'log_path': 'C:\\Users\\LENOVO\\Desktop\\dbt-project\\logs'}
[0m12:18:41.894560 [debug] [MainThread]: Sending event: {'category': 'dbt', 'action': 'project_id', 'label': '69acaf59-e7e7-447b-b0fa-7371e54662dd', 'context': [<snowplow_tracker.self_describing_json.SelfDescribingJson object at 0x000001E5CB5F4590>]}
[0m12:18:41.965024 [debug] [MainThread]: Sending event: {'category': 'dbt', 'action': 'adapter_info', 'label': '69acaf59-e7e7-447b-b0fa-7371e54662dd', 'context': [<snowplow_tracker.self_describing_json.SelfDescribingJson object at 0x000001E5A38732D0>]}
[0m12:18:41.966030 [info ] [MainThread]: Registered adapter: bigquery=1.11.1
[0m12:18:42.305449 [debug] [MainThread]: checksum: 7d524ac048c2100769df89d592e662e060a73ca564e31bd9c2a37efdfe8d8ab6, vars: {}, profile: , target: , version: 1.11.8
[0m12:18:42.310346 [info ] [MainThread]: Unable to do partial parsing because saved manifest not found. Starting full parse.
[0m12:18:42.310346 [debug] [MainThread]: Sending event: {'category': 'dbt', 'action': 'partial_parser', 'label': '69acaf59-e7e7-447b-b0fa-7371e54662dd', 'context': [<snowplow_tracker.self_describing_json.SelfDescribingJson object at 0x000001E5CB8D7C90>]}
[0m12:18:42.965040 [warn ] [MainThread]: [[33mWARNING[0m]: Configuration paths exist in your dbt_project.yml file which do not apply to any resources.
There are 1 unused configuration paths:
- models.olist_project.example
[0m12:18:42.965040 [debug] [MainThread]: Sending event: {'category': 'dbt', 'action': 'load_project', 'label': '69acaf59-e7e7-447b-b0fa-7371e54662dd', 'context': [<snowplow_tracker.self_describing_json.SelfDescribingJson object at 0x000001E5CB6CADD0>]}
[0m12:18:42.995936 [debug] [MainThread]: Wrote artifact WritableManifest to C:\Users\LENOVO\Desktop\dbt-project\target\manifest.json
[0m12:18:43.018598 [debug] [MainThread]: Wrote artifact SemanticManifest to C:\Users\LENOVO\Desktop\dbt-project\target\semantic_manifest.json
[0m12:18:43.027921 [debug] [MainThread]: Sending event: {'category': 'dbt', 'action': 'resource_counts', 'label': '69acaf59-e7e7-447b-b0fa-7371e54662dd', 'context': [<snowplow_tracker.self_describing_json.SelfDescribingJson object at 0x000001E5CBA8C890>]}
[0m12:18:43.027921 [info ] [MainThread]: Found 539 macros
[0m12:18:43.027921 [debug] [MainThread]: Sending event: {'category': 'dbt', 'action': 'runnable_timing', 'label': '69acaf59-e7e7-447b-b0fa-7371e54662dd', 'context': [<snowplow_tracker.self_describing_json.SelfDescribingJson object at 0x000001E5C67E8990>]}
[0m12:18:43.027921 [warn ] [MainThread]: Nothing to do. Try checking your model configs and model specification args
[0m12:18:43.027921 [debug] [MainThread]: Command end result
[0m12:18:43.043822 [debug] [MainThread]: Wrote artifact WritableManifest to C:\Users\LENOVO\Desktop\dbt-project\target\manifest.json
[0m12:18:43.059571 [debug] [MainThread]: Wrote artifact SemanticManifest to C:\Users\LENOVO\Desktop\dbt-project\target\semantic_manifest.json
[0m12:18:43.059571 [debug] [MainThread]: Wrote artifact RunExecutionResult to C:\Users\LENOVO\Desktop\dbt-project\target\run_results.json
[0m12:18:43.059571 [debug] [MainThread]: Command `dbt run` succeeded at 12:18:43.059571 after 2.50 seconds
[0m12:18:43.059571 [debug] [MainThread]: Sending event: {'category': 'dbt', 'action': 'invocation', 'label': 'end', 'context': [<snowplow_tracker.self_describing_json.SelfDescribingJson object at 0x000001E5A6EC6010>, <snowplow_tracker.self_describing_json.SelfDescribingJson object at 0x000001E5A05E1750>, <snowplow_tracker.self_describing_json.SelfDescribingJson object at 0x000001E5A05B7850>]}
[0m12:18:43.059571 [debug] [MainThread]: Flushing usage events
[0m12:18:44.429530 [debug] [MainThread]: An error was encountered while trying to flush usage events
[0m12:24:06.012567 [debug] [MainThread]: Sending event: {'category': 'dbt', 'action': 'invocation', 'label': 'start', 'context': [<snowplow_tracker.self_describing_json.SelfDescribingJson object at 0x0000023FCA947A50>, <snowplow_tracker.self_describing_json.SelfDescribingJson object at 0x0000023FC9805850>, <snowplow_tracker.self_describing_json.SelfDescribingJson object at 0x0000023FCA947AD0>]}


============================== 12:24:06.024234 | ece121c1-53b3-4d9f-8d33-844df9c92f94 ==============================
[0m12:24:06.024234 [info ] [MainThread]: Running with dbt=1.11.8
[0m12:24:06.024234 [debug] [MainThread]: running dbt with arguments {'static_parser': 'True', 'no_print': 'None', 'version_check': 'True', 'warn_error_options': 'WarnErrorOptionsV2(error=[], warn=[], silence=[])', 'target_path': 'None', 'printer_width': '80', 'write_json': 'True', 'empty': 'False', 'log_cache_events': 'False', 'introspect': 'True', 'cache_selected_only': 'False', 'log_format': 'default', 'debug': 'False', 'fail_fast': 'False', 'profiles_dir': 'C:\\Users\\LENOVO\\.dbt', 'send_anonymous_usage_stats': 'True', 'quiet': 'False', 'warn_error': 'None', 'partial_parse': 'True', 'invocation_command': 'dbt run', 'indirect_selection': 'eager', 'use_colors': 'True', 'use_experimental_parser': 'False', 'log_path': 'C:\\Users\\LENOVO\\Desktop\\dbt-project\\logs'}
[0m12:24:07.202773 [debug] [MainThread]: Sending event: {'category': 'dbt', 'action': 'project_id', 'label': 'ece121c1-53b3-4d9f-8d33-844df9c92f94', 'context': [<snowplow_tracker.self_describing_json.SelfDescribingJson object at 0x0000023FEDDE3390>]}
[0m12:24:07.246564 [debug] [MainThread]: Sending event: {'category': 'dbt', 'action': 'adapter_info', 'label': 'ece121c1-53b3-4d9f-8d33-844df9c92f94', 'context': [<snowplow_tracker.self_describing_json.SelfDescribingJson object at 0x0000023FC6091BD0>]}
[0m12:24:07.246564 [info ] [MainThread]: Registered adapter: bigquery=1.11.1
[0m12:24:07.555307 [debug] [MainThread]: checksum: 7d524ac048c2100769df89d592e662e060a73ca564e31bd9c2a37efdfe8d8ab6, vars: {}, profile: , target: , version: 1.11.8
[0m12:24:07.626033 [debug] [MainThread]: Partial parsing enabled: 0 files deleted, 0 files added, 0 files changed.
[0m12:24:07.626033 [debug] [MainThread]: Nothing changed, skipping partial parsing.
[0m12:24:07.626033 [debug] [MainThread]: Partial parsing enabled, no changes found, skipping parsing
[0m12:24:07.635700 [warn ] [MainThread]: [[33mWARNING[0m]: Configuration paths exist in your dbt_project.yml file which do not apply to any resources.
There are 1 unused configuration paths:
- models.olist_project.example
[0m12:24:07.639363 [debug] [MainThread]: Sending event: {'category': 'dbt', 'action': 'load_project', 'label': 'ece121c1-53b3-4d9f-8d33-844df9c92f94', 'context': [<snowplow_tracker.self_describing_json.SelfDescribingJson object at 0x0000023FEE2506D0>]}
[0m12:24:07.688702 [debug] [MainThread]: Wrote artifact WritableManifest to C:\Users\LENOVO\Desktop\dbt-project\target\manifest.json
[0m12:24:07.692352 [debug] [MainThread]: Wrote artifact SemanticManifest to C:\Users\LENOVO\Desktop\dbt-project\target\semantic_manifest.json
[0m12:24:07.709411 [debug] [MainThread]: Sending event: {'category': 'dbt', 'action': 'resource_counts', 'label': 'ece121c1-53b3-4d9f-8d33-844df9c92f94', 'context': [<snowplow_tracker.self_describing_json.SelfDescribingJson object at 0x0000023FEE12DBD0>]}
[0m12:24:07.711502 [info ] [MainThread]: Found 539 macros
[0m12:24:07.713515 [debug] [MainThread]: Sending event: {'category': 'dbt', 'action': 'runnable_timing', 'label': 'ece121c1-53b3-4d9f-8d33-844df9c92f94', 'context': [<snowplow_tracker.self_describing_json.SelfDescribingJson object at 0x0000023FE913E9D0>]}
[0m12:24:07.715528 [warn ] [MainThread]: Nothing to do. Try checking your model configs and model specification args
[0m12:24:07.715528 [debug] [MainThread]: Command end result
[0m12:24:07.736419 [debug] [MainThread]: Wrote artifact WritableManifest to C:\Users\LENOVO\Desktop\dbt-project\target\manifest.json
[0m12:24:07.736419 [debug] [MainThread]: Wrote artifact SemanticManifest to C:\Users\LENOVO\Desktop\dbt-project\target\semantic_manifest.json
[0m12:24:07.743515 [debug] [MainThread]: Wrote artifact RunExecutionResult to C:\Users\LENOVO\Desktop\dbt-project\target\run_results.json
[0m12:24:07.743515 [debug] [MainThread]: Command `dbt run` succeeded at 12:24:07.743515 after 1.82 seconds
[0m12:24:07.743515 [debug] [MainThread]: Sending event: {'category': 'dbt', 'action': 'invocation', 'label': 'end', 'context': [<snowplow_tracker.self_describing_json.SelfDescribingJson object at 0x0000023FC2D41750>, <snowplow_tracker.self_describing_json.SelfDescribingJson object at 0x0000023FC2D17890>, <snowplow_tracker.self_describing_json.SelfDescribingJson object at 0x0000023FC2DA3F50>]}
[0m12:24:07.743515 [debug] [MainThread]: Flushing usage events
[0m12:24:09.241221 [debug] [MainThread]: An error was encountered while trying to flush usage events
[0m12:25:31.263157 [debug] [MainThread]: Sending event: {'category': 'dbt', 'action': 'invocation', 'label': 'start', 'context': [<snowplow_tracker.self_describing_json.SelfDescribingJson object at 0x00000263C453F750>, <snowplow_tracker.self_describing_json.SelfDescribingJson object at 0x00000263C453F3D0>, <snowplow_tracker.self_describing_json.SelfDescribingJson object at 0x00000263C55AC090>]}


============================== 12:25:31.268625 | 99ad038f-b659-4003-ab3d-4b720af2281c ==============================
[0m12:25:31.268625 [info ] [MainThread]: Running with dbt=1.11.8
[0m12:25:31.268625 [debug] [MainThread]: running dbt with arguments {'static_parser': 'True', 'no_print': 'None', 'version_check': 'True', 'target_path': 'None', 'warn_error_options': 'WarnErrorOptionsV2(error=[], warn=[], silence=[])', 'printer_width': '80', 'write_json': 'True', 'introspect': 'True', 'log_cache_events': 'False', 'empty': 'False', 'cache_selected_only': 'False', 'log_format': 'default', 'debug': 'False', 'fail_fast': 'False', 'partial_parse': 'True', 'send_anonymous_usage_stats': 'True', 'quiet': 'False', 'warn_error': 'None', 'profiles_dir': 'C:\\Users\\LENOVO\\.dbt', 'indirect_selection': 'eager', 'use_colors': 'True', 'invocation_command': 'dbt compile', 'use_experimental_parser': 'False', 'log_path': 'C:\\Users\\LENOVO\\Desktop\\dbt-project\\logs'}
[0m12:25:32.191774 [debug] [MainThread]: Sending event: {'category': 'dbt', 'action': 'project_id', 'label': '99ad038f-b659-4003-ab3d-4b720af2281c', 'context': [<snowplow_tracker.self_describing_json.SelfDescribingJson object at 0x00000263E8951E10>]}
[0m12:25:32.233869 [debug] [MainThread]: Sending event: {'category': 'dbt', 'action': 'adapter_info', 'label': '99ad038f-b659-4003-ab3d-4b720af2281c', 'context': [<snowplow_tracker.self_describing_json.SelfDescribingJson object at 0x00000263C0CA3DD0>]}
[0m12:25:32.233869 [info ] [MainThread]: Registered adapter: bigquery=1.11.1
[0m12:25:32.466358 [debug] [MainThread]: checksum: 7d524ac048c2100769df89d592e662e060a73ca564e31bd9c2a37efdfe8d8ab6, vars: {}, profile: , target: , version: 1.11.8
[0m12:25:32.527442 [debug] [MainThread]: Partial parsing enabled: 0 files deleted, 0 files added, 0 files changed.
[0m12:25:32.527442 [debug] [MainThread]: Nothing changed, skipping partial parsing.
[0m12:25:32.527442 [debug] [MainThread]: Partial parsing enabled, no changes found, skipping parsing
[0m12:25:32.527442 [warn ] [MainThread]: [[33mWARNING[0m]: Configuration paths exist in your dbt_project.yml file which do not apply to any resources.
There are 1 unused configuration paths:
- models.olist_project.example
[0m12:25:32.533693 [debug] [MainThread]: Sending event: {'category': 'dbt', 'action': 'load_project', 'label': '99ad038f-b659-4003-ab3d-4b720af2281c', 'context': [<snowplow_tracker.self_describing_json.SelfDescribingJson object at 0x00000263E8E749D0>]}
[0m12:25:32.566580 [debug] [MainThread]: Wrote artifact WritableManifest to C:\Users\LENOVO\Desktop\dbt-project\target\manifest.json
[0m12:25:32.566580 [debug] [MainThread]: Wrote artifact SemanticManifest to C:\Users\LENOVO\Desktop\dbt-project\target\semantic_manifest.json
[0m12:25:32.566580 [debug] [MainThread]: Sending event: {'category': 'dbt', 'action': 'resource_counts', 'label': '99ad038f-b659-4003-ab3d-4b720af2281c', 'context': [<snowplow_tracker.self_describing_json.SelfDescribingJson object at 0x00000263E8D96250>]}
[0m12:25:32.575256 [info ] [MainThread]: Found 539 macros
[0m12:25:32.575256 [debug] [MainThread]: Sending event: {'category': 'dbt', 'action': 'runnable_timing', 'label': '99ad038f-b659-4003-ab3d-4b720af2281c', 'context': [<snowplow_tracker.self_describing_json.SelfDescribingJson object at 0x00000263E897AA50>]}
[0m12:25:32.575256 [warn ] [MainThread]: Nothing to do. Try checking your model configs and model specification args
[0m12:25:32.575256 [debug] [MainThread]: Command end result
[0m12:25:32.591435 [debug] [MainThread]: Wrote artifact WritableManifest to C:\Users\LENOVO\Desktop\dbt-project\target\manifest.json
[0m12:25:32.600000 [debug] [MainThread]: Wrote artifact SemanticManifest to C:\Users\LENOVO\Desktop\dbt-project\target\semantic_manifest.json
[0m12:25:32.602300 [debug] [MainThread]: Wrote artifact RunExecutionResult to C:\Users\LENOVO\Desktop\dbt-project\target\run_results.json
[0m12:25:32.602300 [debug] [MainThread]: Command `dbt compile` succeeded at 12:25:32.602300 after 1.43 seconds
[0m12:25:32.602300 [debug] [MainThread]: Sending event: {'category': 'dbt', 'action': 'invocation', 'label': 'end', 'context': [<snowplow_tracker.self_describing_json.SelfDescribingJson object at 0x00000263C41FC9D0>, <snowplow_tracker.self_describing_json.SelfDescribingJson object at 0x00000263BDA61750>, <snowplow_tracker.self_describing_json.SelfDescribingJson object at 0x00000263BDA37890>]}
[0m12:25:32.602300 [debug] [MainThread]: Flushing usage events
[0m12:25:33.816653 [debug] [MainThread]: An error was encountered while trying to flush usage events
[0m12:25:51.264742 [debug] [MainThread]: Sending event: {'category': 'dbt', 'action': 'invocation', 'label': 'start', 'context': [<snowplow_tracker.self_describing_json.SelfDescribingJson object at 0x000002AA10F6F150>, <snowplow_tracker.self_describing_json.SelfDescribingJson object at 0x000002AA0FB0F3D0>, <snowplow_tracker.self_describing_json.SelfDescribingJson object at 0x000002AA10F6F3D0>]}


============================== 12:25:51.270631 | 8220da76-4632-4ccd-a9ef-9a551b356e38 ==============================
[0m12:25:51.270631 [info ] [MainThread]: Running with dbt=1.11.8
[0m12:25:51.270631 [debug] [MainThread]: running dbt with arguments {'version_check': 'True', 'no_print': 'None', 'static_parser': 'True', 'warn_error_options': 'WarnErrorOptionsV2(error=[], warn=[], silence=[])', 'target_path': 'None', 'printer_width': '80', 'write_json': 'True', 'introspect': 'True', 'log_cache_events': 'False', 'empty': 'None', 'cache_selected_only': 'False', 'fail_fast': 'False', 'debug': 'False', 'log_format': 'default', 'partial_parse': 'True', 'send_anonymous_usage_stats': 'True', 'quiet': 'False', 'warn_error': 'None', 'profiles_dir': 'C:\\Users\\LENOVO\\.dbt', 'invocation_command': 'dbt source freshness', 'indirect_selection': 'eager', 'use_colors': 'True', 'use_experimental_parser': 'False', 'log_path': 'C:\\Users\\LENOVO\\Desktop\\dbt-project\\logs'}
[0m12:25:52.094094 [debug] [MainThread]: Sending event: {'category': 'dbt', 'action': 'project_id', 'label': '8220da76-4632-4ccd-a9ef-9a551b356e38', 'context': [<snowplow_tracker.self_describing_json.SelfDescribingJson object at 0x000002AA3547AE50>]}
[0m12:25:52.132194 [debug] [MainThread]: Sending event: {'category': 'dbt', 'action': 'adapter_info', 'label': '8220da76-4632-4ccd-a9ef-9a551b356e38', 'context': [<snowplow_tracker.self_describing_json.SelfDescribingJson object at 0x000002AA35587A10>]}
[0m12:25:52.132194 [info ] [MainThread]: Registered adapter: bigquery=1.11.1
[0m12:25:52.357180 [debug] [MainThread]: checksum: 7d524ac048c2100769df89d592e662e060a73ca564e31bd9c2a37efdfe8d8ab6, vars: {}, profile: , target: , version: 1.11.8
[0m12:25:52.399079 [debug] [MainThread]: Partial parsing enabled: 0 files deleted, 0 files added, 0 files changed.
[0m12:25:52.399079 [debug] [MainThread]: Nothing changed, skipping partial parsing.
[0m12:25:52.399079 [debug] [MainThread]: Partial parsing enabled, no changes found, skipping parsing
[0m12:25:52.412589 [warn ] [MainThread]: [[33mWARNING[0m]: Configuration paths exist in your dbt_project.yml file which do not apply to any resources.
There are 1 unused configuration paths:
- models.olist_project.example
[0m12:25:52.416345 [debug] [MainThread]: Sending event: {'category': 'dbt', 'action': 'load_project', 'label': '8220da76-4632-4ccd-a9ef-9a551b356e38', 'context': [<snowplow_tracker.self_describing_json.SelfDescribingJson object at 0x000002AA358EA390>]}
[0m12:25:52.449104 [debug] [MainThread]: Wrote artifact WritableManifest to C:\Users\LENOVO\Desktop\dbt-project\target\manifest.json
[0m12:25:52.449104 [debug] [MainThread]: Wrote artifact SemanticManifest to C:\Users\LENOVO\Desktop\dbt-project\target\semantic_manifest.json
[0m12:25:52.459949 [debug] [MainThread]: Sending event: {'category': 'dbt', 'action': 'resource_counts', 'label': '8220da76-4632-4ccd-a9ef-9a551b356e38', 'context': [<snowplow_tracker.self_describing_json.SelfDescribingJson object at 0x000002AA357E8B10>]}
[0m12:25:52.459949 [info ] [MainThread]: Found 539 macros
[0m12:25:52.459949 [debug] [MainThread]: Sending event: {'category': 'dbt', 'action': 'runnable_timing', 'label': '8220da76-4632-4ccd-a9ef-9a551b356e38', 'context': [<snowplow_tracker.self_describing_json.SelfDescribingJson object at 0x000002AA357F1750>]}
[0m12:25:52.459949 [warn ] [MainThread]: Nothing to do. Try checking your model configs and model specification args
[0m12:25:52.481737 [debug] [MainThread]: Wrote artifact WritableManifest to C:\Users\LENOVO\Desktop\dbt-project\target\manifest.json
[0m12:25:52.482466 [debug] [MainThread]: Wrote artifact SemanticManifest to C:\Users\LENOVO\Desktop\dbt-project\target\semantic_manifest.json
[0m12:25:52.482466 [debug] [MainThread]: Wrote artifact FreshnessResult to C:\Users\LENOVO\Desktop\dbt-project\target\sources.json
[0m12:25:52.482466 [info ] [MainThread]: Done.
[0m12:25:52.482466 [debug] [MainThread]: Command `dbt source freshness` succeeded at 12:25:52.482466 after 1.30 seconds
[0m12:25:52.482466 [debug] [MainThread]: Sending event: {'category': 'dbt', 'action': 'invocation', 'label': 'end', 'context': [<snowplow_tracker.self_describing_json.SelfDescribingJson object at 0x000002AA10D15AD0>, <snowplow_tracker.self_describing_json.SelfDescribingJson object at 0x000002AA0A3E76D0>, <snowplow_tracker.self_describing_json.SelfDescribingJson object at 0x000002AA10F62690>]}
[0m12:25:52.482466 [debug] [MainThread]: Flushing usage events
[0m12:25:54.102462 [debug] [MainThread]: An error was encountered while trying to flush usage events
[0m12:31:46.833878 [debug] [MainThread]: Sending event: {'category': 'dbt', 'action': 'invocation', 'label': 'start', 'context': [<snowplow_tracker.self_describing_json.SelfDescribingJson object at 0x000001DCB577EDD0>, <snowplow_tracker.self_describing_json.SelfDescribingJson object at 0x000001DCB56A6410>, <snowplow_tracker.self_describing_json.SelfDescribingJson object at 0x000001DCB5770910>]}


============================== 12:31:46.839437 | c78247f2-892c-4781-8da6-9cdb50a4a067 ==============================
[0m12:31:46.839437 [info ] [MainThread]: Running with dbt=1.11.8
[0m12:31:46.840951 [debug] [MainThread]: running dbt with arguments {'static_parser': 'True', 'no_print': 'None', 'version_check': 'True', 'target_path': 'None', 'warn_error_options': 'WarnErrorOptionsV2(error=[], warn=[], silence=[])', 'printer_width': '80', 'write_json': 'True', 'introspect': 'True', 'log_cache_events': 'False', 'empty': 'False', 'cache_selected_only': 'False', 'fail_fast': 'False', 'debug': 'False', 'log_format': 'default', 'profiles_dir': 'C:\\Users\\LENOVO\\.dbt', 'send_anonymous_usage_stats': 'True', 'quiet': 'False', 'warn_error': 'None', 'partial_parse': 'True', 'use_colors': 'True', 'indirect_selection': 'eager', 'invocation_command': 'dbt run', 'use_experimental_parser': 'False', 'log_path': 'C:\\Users\\LENOVO\\Desktop\\dbt-project\\logs'}
[0m12:31:48.167119 [debug] [MainThread]: Sending event: {'category': 'dbt', 'action': 'project_id', 'label': 'c78247f2-892c-4781-8da6-9cdb50a4a067', 'context': [<snowplow_tracker.self_describing_json.SelfDescribingJson object at 0x000001DCD7C81E10>]}
[0m12:31:48.237975 [debug] [MainThread]: Sending event: {'category': 'dbt', 'action': 'adapter_info', 'label': 'c78247f2-892c-4781-8da6-9cdb50a4a067', 'context': [<snowplow_tracker.self_describing_json.SelfDescribingJson object at 0x000001DCB1EE1610>]}
[0m12:31:48.237975 [info ] [MainThread]: Registered adapter: bigquery=1.11.1
[0m12:31:48.604590 [debug] [MainThread]: checksum: 7d524ac048c2100769df89d592e662e060a73ca564e31bd9c2a37efdfe8d8ab6, vars: {}, profile: , target: , version: 1.11.8
[0m12:31:48.695997 [debug] [MainThread]: Partial parsing enabled: 0 files deleted, 0 files added, 0 files changed.
[0m12:31:48.695997 [debug] [MainThread]: Nothing changed, skipping partial parsing.
[0m12:31:48.695997 [debug] [MainThread]: Partial parsing enabled, no changes found, skipping parsing
[0m12:31:48.704213 [warn ] [MainThread]: [[33mWARNING[0m]: Configuration paths exist in your dbt_project.yml file which do not apply to any resources.
There are 1 unused configuration paths:
- models.olist_project.example
[0m12:31:48.713133 [debug] [MainThread]: Sending event: {'category': 'dbt', 'action': 'load_project', 'label': 'c78247f2-892c-4781-8da6-9cdb50a4a067', 'context': [<snowplow_tracker.self_describing_json.SelfDescribingJson object at 0x000001DCDA0EAE10>]}
[0m12:31:48.776103 [debug] [MainThread]: Wrote artifact WritableManifest to C:\Users\LENOVO\Desktop\dbt-project\target\manifest.json
[0m12:31:48.780303 [debug] [MainThread]: Wrote artifact SemanticManifest to C:\Users\LENOVO\Desktop\dbt-project\target\semantic_manifest.json
[0m12:31:48.792176 [debug] [MainThread]: Sending event: {'category': 'dbt', 'action': 'resource_counts', 'label': 'c78247f2-892c-4781-8da6-9cdb50a4a067', 'context': [<snowplow_tracker.self_describing_json.SelfDescribingJson object at 0x000001DCD9FC0510>]}
[0m12:31:48.792176 [info ] [MainThread]: Found 539 macros
[0m12:31:48.792176 [debug] [MainThread]: Sending event: {'category': 'dbt', 'action': 'runnable_timing', 'label': 'c78247f2-892c-4781-8da6-9cdb50a4a067', 'context': [<snowplow_tracker.self_describing_json.SelfDescribingJson object at 0x000001DCD4FDE9D0>]}
[0m12:31:48.796667 [warn ] [MainThread]: Nothing to do. Try checking your model configs and model specification args
[0m12:31:48.796667 [debug] [MainThread]: Command end result
[0m12:31:48.839704 [debug] [MainThread]: Wrote artifact WritableManifest to C:\Users\LENOVO\Desktop\dbt-project\target\manifest.json
[0m12:31:48.839704 [debug] [MainThread]: Wrote artifact SemanticManifest to C:\Users\LENOVO\Desktop\dbt-project\target\semantic_manifest.json
[0m12:31:48.846472 [debug] [MainThread]: Wrote artifact RunExecutionResult to C:\Users\LENOVO\Desktop\dbt-project\target\run_results.json
[0m12:31:48.849467 [debug] [MainThread]: Command `dbt run` succeeded at 12:31:48.849467 after 2.13 seconds
[0m12:31:48.849467 [debug] [MainThread]: Sending event: {'category': 'dbt', 'action': 'invocation', 'label': 'end', 'context': [<snowplow_tracker.self_describing_json.SelfDescribingJson object at 0x000001DCB682D610>, <snowplow_tracker.self_describing_json.SelfDescribingJson object at 0x000001DCAEC17890>, <snowplow_tracker.self_describing_json.SelfDescribingJson object at 0x000001DCD9C52F90>]}
[0m12:31:48.849467 [debug] [MainThread]: Flushing usage events
[0m12:31:50.778960 [debug] [MainThread]: An error was encountered while trying to flush usage events
[0m12:51:33.379189 [debug] [MainThread]: Sending event: {'category': 'dbt', 'action': 'invocation', 'label': 'start', 'context': [<snowplow_tracker.self_describing_json.SelfDescribingJson object at 0x0000024EB926EBD0>, <snowplow_tracker.self_describing_json.SelfDescribingJson object at 0x0000024EB9260910>, <snowplow_tracker.self_describing_json.SelfDescribingJson object at 0x0000024EB9262E50>]}


============================== 12:51:33.385043 | 631b5362-d569-4f71-8115-381a38103db3 ==============================
[0m12:51:33.385043 [info ] [MainThread]: Running with dbt=1.11.8
[0m12:51:33.387838 [debug] [MainThread]: running dbt with arguments {'version_check': 'True', 'no_print': 'None', 'static_parser': 'True', 'target_path': 'None', 'warn_error_options': 'WarnErrorOptionsV2(error=[], warn=[], silence=[])', 'printer_width': '80', 'write_json': 'True', 'introspect': 'True', 'log_cache_events': 'False', 'empty': 'False', 'cache_selected_only': 'False', 'log_format': 'default', 'debug': 'False', 'fail_fast': 'False', 'partial_parse': 'True', 'send_anonymous_usage_stats': 'True', 'quiet': 'False', 'warn_error': 'None', 'profiles_dir': 'C:\\Users\\LENOVO\\.dbt', 'use_colors': 'True', 'invocation_command': 'dbt run', 'indirect_selection': 'eager', 'use_experimental_parser': 'False', 'log_path': 'C:\\Users\\LENOVO\\Desktop\\dbt-project\\logs'}
[0m12:51:34.604884 [debug] [MainThread]: Sending event: {'category': 'dbt', 'action': 'project_id', 'label': '631b5362-d569-4f71-8115-381a38103db3', 'context': [<snowplow_tracker.self_describing_json.SelfDescribingJson object at 0x0000024EDD744950>]}
[0m12:51:34.660202 [debug] [MainThread]: Sending event: {'category': 'dbt', 'action': 'adapter_info', 'label': '631b5362-d569-4f71-8115-381a38103db3', 'context': [<snowplow_tracker.self_describing_json.SelfDescribingJson object at 0x0000024EB59D3A50>]}
[0m12:51:34.662210 [info ] [MainThread]: Registered adapter: bigquery=1.11.1
[0m12:51:34.994881 [debug] [MainThread]: checksum: 7d524ac048c2100769df89d592e662e060a73ca564e31bd9c2a37efdfe8d8ab6, vars: {}, profile: , target: , version: 1.11.8
[0m12:51:35.060080 [debug] [MainThread]: Partial parsing enabled: 0 files deleted, 0 files added, 0 files changed.
[0m12:51:35.060080 [debug] [MainThread]: Nothing changed, skipping partial parsing.
[0m12:51:35.060080 [debug] [MainThread]: Partial parsing enabled, no changes found, skipping parsing
[0m12:51:35.060080 [warn ] [MainThread]: [[33mWARNING[0m]: Configuration paths exist in your dbt_project.yml file which do not apply to any resources.
There are 1 unused configuration paths:
- models.olist_project.example
[0m12:51:35.065360 [debug] [MainThread]: Sending event: {'category': 'dbt', 'action': 'load_project', 'label': '631b5362-d569-4f71-8115-381a38103db3', 'context': [<snowplow_tracker.self_describing_json.SelfDescribingJson object at 0x0000024EDDBA5F90>]}
[0m12:51:35.105573 [debug] [MainThread]: Wrote artifact WritableManifest to C:\Users\LENOVO\Desktop\dbt-project\target\manifest.json
[0m12:51:35.105573 [debug] [MainThread]: Wrote artifact SemanticManifest to C:\Users\LENOVO\Desktop\dbt-project\target\semantic_manifest.json
[0m12:51:35.115010 [debug] [MainThread]: Sending event: {'category': 'dbt', 'action': 'resource_counts', 'label': '631b5362-d569-4f71-8115-381a38103db3', 'context': [<snowplow_tracker.self_describing_json.SelfDescribingJson object at 0x0000024EDDAB0A90>]}
[0m12:51:35.115010 [info ] [MainThread]: Found 539 macros
[0m12:51:35.121410 [debug] [MainThread]: Sending event: {'category': 'dbt', 'action': 'runnable_timing', 'label': '631b5362-d569-4f71-8115-381a38103db3', 'context': [<snowplow_tracker.self_describing_json.SelfDescribingJson object at 0x0000024EDD776DD0>]}
[0m12:51:35.123425 [warn ] [MainThread]: Nothing to do. Try checking your model configs and model specification args
[0m12:51:35.126984 [debug] [MainThread]: Command end result
[0m12:51:35.146237 [debug] [MainThread]: Wrote artifact WritableManifest to C:\Users\LENOVO\Desktop\dbt-project\target\manifest.json
[0m12:51:35.146237 [debug] [MainThread]: Wrote artifact SemanticManifest to C:\Users\LENOVO\Desktop\dbt-project\target\semantic_manifest.json
[0m12:51:35.156269 [debug] [MainThread]: Wrote artifact RunExecutionResult to C:\Users\LENOVO\Desktop\dbt-project\target\run_results.json
[0m12:51:35.156269 [debug] [MainThread]: Command `dbt run` succeeded at 12:51:35.156269 after 1.86 seconds
[0m12:51:35.156269 [debug] [MainThread]: Sending event: {'category': 'dbt', 'action': 'invocation', 'label': 'end', 'context': [<snowplow_tracker.self_describing_json.SelfDescribingJson object at 0x0000024EB59C0950>, <snowplow_tracker.self_describing_json.SelfDescribingJson object at 0x0000024EBA2D7A90>, <snowplow_tracker.self_describing_json.SelfDescribingJson object at 0x0000024EB26E1750>]}
[0m12:51:35.159276 [debug] [MainThread]: Flushing usage events
[0m12:51:36.475247 [debug] [MainThread]: An error was encountered while trying to flush usage events
[0m12:53:17.285697 [debug] [MainThread]: Sending event: {'category': 'dbt', 'action': 'invocation', 'label': 'start', 'context': [<snowplow_tracker.self_describing_json.SelfDescribingJson object at 0x000001D92CCBF010>, <snowplow_tracker.self_describing_json.SelfDescribingJson object at 0x000001D92DD30090>, <snowplow_tracker.self_describing_json.SelfDescribingJson object at 0x000001D92DD30710>]}


============================== 12:53:17.293382 | 4e13ffa8-d133-4a14-a86d-342043c9b528 ==============================
[0m12:53:17.293382 [info ] [MainThread]: Running with dbt=1.11.8
[0m12:53:17.293382 [debug] [MainThread]: running dbt with arguments {'version_check': 'True', 'no_print': 'None', 'static_parser': 'True', 'warn_error_options': 'WarnErrorOptionsV2(error=[], warn=[], silence=[])', 'target_path': 'None', 'printer_width': '80', 'write_json': 'True', 'empty': 'False', 'log_cache_events': 'False', 'introspect': 'True', 'cache_selected_only': 'False', 'fail_fast': 'False', 'debug': 'False', 'log_format': 'default', 'partial_parse': 'True', 'send_anonymous_usage_stats': 'True', 'quiet': 'False', 'warn_error': 'None', 'profiles_dir': 'C:\\Users\\LENOVO\\.dbt', 'invocation_command': 'dbt run', 'indirect_selection': 'eager', 'use_colors': 'True', 'use_experimental_parser': 'False', 'log_path': 'C:\\Users\\LENOVO\\Desktop\\dbt-project\\logs'}
[0m12:53:18.457356 [debug] [MainThread]: Sending event: {'category': 'dbt', 'action': 'project_id', 'label': '4e13ffa8-d133-4a14-a86d-342043c9b528', 'context': [<snowplow_tracker.self_describing_json.SelfDescribingJson object at 0x000001D92DD27390>]}
[0m12:53:18.525544 [debug] [MainThread]: Sending event: {'category': 'dbt', 'action': 'adapter_info', 'label': '4e13ffa8-d133-4a14-a86d-342043c9b528', 'context': [<snowplow_tracker.self_describing_json.SelfDescribingJson object at 0x000001D9294288D0>]}
[0m12:53:18.525544 [info ] [MainThread]: Registered adapter: bigquery=1.11.1
[0m12:53:18.817890 [debug] [MainThread]: checksum: 7d524ac048c2100769df89d592e662e060a73ca564e31bd9c2a37efdfe8d8ab6, vars: {}, profile: , target: , version: 1.11.8
[0m12:53:18.875266 [debug] [MainThread]: Partial parsing enabled: 0 files deleted, 0 files added, 0 files changed.
[0m12:53:18.875266 [debug] [MainThread]: Nothing changed, skipping partial parsing.
[0m12:53:18.876995 [debug] [MainThread]: Partial parsing enabled, no changes found, skipping parsing
[0m12:53:18.876995 [warn ] [MainThread]: [[33mWARNING[0m]: Configuration paths exist in your dbt_project.yml file which do not apply to any resources.
There are 1 unused configuration paths:
- models.olist_project.example
[0m12:53:18.876995 [debug] [MainThread]: Sending event: {'category': 'dbt', 'action': 'load_project', 'label': '4e13ffa8-d133-4a14-a86d-342043c9b528', 'context': [<snowplow_tracker.self_describing_json.SelfDescribingJson object at 0x000001D9516647D0>]}
[0m12:53:18.930413 [debug] [MainThread]: Wrote artifact WritableManifest to C:\Users\LENOVO\Desktop\dbt-project\target\manifest.json
[0m12:53:18.934218 [debug] [MainThread]: Wrote artifact SemanticManifest to C:\Users\LENOVO\Desktop\dbt-project\target\semantic_manifest.json
[0m12:53:18.942013 [debug] [MainThread]: Sending event: {'category': 'dbt', 'action': 'resource_counts', 'label': '4e13ffa8-d133-4a14-a86d-342043c9b528', 'context': [<snowplow_tracker.self_describing_json.SelfDescribingJson object at 0x000001D9515001D0>]}
[0m12:53:18.942013 [info ] [MainThread]: Found 539 macros
[0m12:53:18.945116 [debug] [MainThread]: Sending event: {'category': 'dbt', 'action': 'runnable_timing', 'label': '4e13ffa8-d133-4a14-a86d-342043c9b528', 'context': [<snowplow_tracker.self_describing_json.SelfDescribingJson object at 0x000001D94C51E9D0>]}
[0m12:53:18.945116 [warn ] [MainThread]: Nothing to do. Try checking your model configs and model specification args
[0m12:53:18.945116 [debug] [MainThread]: Command end result
[0m12:53:18.975291 [debug] [MainThread]: Wrote artifact WritableManifest to C:\Users\LENOVO\Desktop\dbt-project\target\manifest.json
[0m12:53:18.980533 [debug] [MainThread]: Wrote artifact SemanticManifest to C:\Users\LENOVO\Desktop\dbt-project\target\semantic_manifest.json
[0m12:53:18.985098 [debug] [MainThread]: Wrote artifact RunExecutionResult to C:\Users\LENOVO\Desktop\dbt-project\target\run_results.json
[0m12:53:18.990377 [debug] [MainThread]: Command `dbt run` succeeded at 12:53:18.990377 after 1.80 seconds
[0m12:53:18.990377 [debug] [MainThread]: Sending event: {'category': 'dbt', 'action': 'invocation', 'label': 'end', 'context': [<snowplow_tracker.self_describing_json.SelfDescribingJson object at 0x000001D92DD6DCD0>, <snowplow_tracker.self_describing_json.SelfDescribingJson object at 0x000001D92DD6FDD0>, <snowplow_tracker.self_describing_json.SelfDescribingJson object at 0x000001D926171750>]}
[0m12:53:18.990377 [debug] [MainThread]: Flushing usage events
[0m12:53:20.305566 [debug] [MainThread]: An error was encountered while trying to flush usage events
[0m12:55:00.747728 [debug] [MainThread]: Sending event: {'category': 'dbt', 'action': 'invocation', 'label': 'start', 'context': [<snowplow_tracker.self_describing_json.SelfDescribingJson object at 0x000001AF970FEE50>, <snowplow_tracker.self_describing_json.SelfDescribingJson object at 0x000001AF95823A90>, <snowplow_tracker.self_describing_json.SelfDescribingJson object at 0x000001AF95823F90>]}


============================== 12:55:00.753202 | 56167806-a0f4-49a9-ad78-83ad2c00c2fb ==============================
[0m12:55:00.753202 [info ] [MainThread]: Running with dbt=1.11.8
[0m12:55:00.755210 [debug] [MainThread]: running dbt with arguments {'version_check': 'True', 'no_print': 'None', 'static_parser': 'True', 'warn_error_options': 'WarnErrorOptionsV2(error=[], warn=[], silence=[])', 'target_path': 'None', 'printer_width': '80', 'write_json': 'True', 'empty': 'False', 'log_cache_events': 'False', 'introspect': 'True', 'cache_selected_only': 'False', 'log_format': 'default', 'debug': 'False', 'fail_fast': 'False', 'partial_parse': 'True', 'send_anonymous_usage_stats': 'True', 'quiet': 'False', 'warn_error': 'None', 'profiles_dir': 'C:\\Users\\LENOVO\\.dbt', 'indirect_selection': 'eager', 'use_colors': 'True', 'invocation_command': 'dbt run', 'use_experimental_parser': 'False', 'log_path': 'C:\\Users\\LENOVO\\Desktop\\dbt-project\\logs'}
[0m12:55:01.611585 [debug] [MainThread]: Sending event: {'category': 'dbt', 'action': 'project_id', 'label': '56167806-a0f4-49a9-ad78-83ad2c00c2fb', 'context': [<snowplow_tracker.self_describing_json.SelfDescribingJson object at 0x000001AF9712E990>]}
[0m12:55:01.652613 [debug] [MainThread]: Sending event: {'category': 'dbt', 'action': 'adapter_info', 'label': '56167806-a0f4-49a9-ad78-83ad2c00c2fb', 'context': [<snowplow_tracker.self_describing_json.SelfDescribingJson object at 0x000001AF927C1A10>]}
[0m12:55:01.652613 [info ] [MainThread]: Registered adapter: bigquery=1.11.1
[0m12:55:01.988906 [debug] [MainThread]: checksum: 7d524ac048c2100769df89d592e662e060a73ca564e31bd9c2a37efdfe8d8ab6, vars: {}, profile: , target: , version: 1.11.8
[0m12:55:02.078936 [debug] [MainThread]: Partial parsing enabled: 0 files deleted, 0 files added, 0 files changed.
[0m12:55:02.078936 [debug] [MainThread]: Nothing changed, skipping partial parsing.
[0m12:55:02.078936 [debug] [MainThread]: Partial parsing enabled, no changes found, skipping parsing
[0m12:55:02.079952 [warn ] [MainThread]: [[33mWARNING[0m]: Configuration paths exist in your dbt_project.yml file which do not apply to any resources.
There are 1 unused configuration paths:
- models.olist_project.example
[0m12:55:02.085003 [debug] [MainThread]: Sending event: {'category': 'dbt', 'action': 'load_project', 'label': '56167806-a0f4-49a9-ad78-83ad2c00c2fb', 'context': [<snowplow_tracker.self_describing_json.SelfDescribingJson object at 0x000001AFBA9CB390>]}
[0m12:55:02.139882 [debug] [MainThread]: Wrote artifact WritableManifest to C:\Users\LENOVO\Desktop\dbt-project\target\manifest.json
[0m12:55:02.145474 [debug] [MainThread]: Wrote artifact SemanticManifest to C:\Users\LENOVO\Desktop\dbt-project\target\semantic_manifest.json
[0m12:55:02.145474 [debug] [MainThread]: Sending event: {'category': 'dbt', 'action': 'resource_counts', 'label': '56167806-a0f4-49a9-ad78-83ad2c00c2fb', 'context': [<snowplow_tracker.self_describing_json.SelfDescribingJson object at 0x000001AFBA8A0290>]}
[0m12:55:02.155186 [info ] [MainThread]: Found 539 macros
[0m12:55:02.155186 [debug] [MainThread]: Sending event: {'category': 'dbt', 'action': 'runnable_timing', 'label': '56167806-a0f4-49a9-ad78-83ad2c00c2fb', 'context': [<snowplow_tracker.self_describing_json.SelfDescribingJson object at 0x000001AFBA566E10>]}
[0m12:55:02.155186 [warn ] [MainThread]: Nothing to do. Try checking your model configs and model specification args
[0m12:55:02.161575 [debug] [MainThread]: Command end result
[0m12:55:02.184894 [debug] [MainThread]: Wrote artifact WritableManifest to C:\Users\LENOVO\Desktop\dbt-project\target\manifest.json
[0m12:55:02.191164 [debug] [MainThread]: Wrote artifact SemanticManifest to C:\Users\LENOVO\Desktop\dbt-project\target\semantic_manifest.json
[0m12:55:02.195740 [debug] [MainThread]: Wrote artifact RunExecutionResult to C:\Users\LENOVO\Desktop\dbt-project\target\run_results.json
[0m12:55:02.195740 [debug] [MainThread]: Command `dbt run` succeeded at 12:55:02.195740 after 1.52 seconds
[0m12:55:02.195740 [debug] [MainThread]: Sending event: {'category': 'dbt', 'action': 'invocation', 'label': 'end', 'context': [<snowplow_tracker.self_describing_json.SelfDescribingJson object at 0x000001AF95D1C9D0>, <snowplow_tracker.self_describing_json.SelfDescribingJson object at 0x000001AF970FDB90>, <snowplow_tracker.self_describing_json.SelfDescribingJson object at 0x000001AF970FF210>]}
[0m12:55:02.195740 [debug] [MainThread]: Flushing usage events
[0m12:55:03.421792 [debug] [MainThread]: An error was encountered while trying to flush usage events
[0m13:06:09.949749 [debug] [MainThread]: Sending event: {'category': 'dbt', 'action': 'invocation', 'label': 'start', 'context': [<snowplow_tracker.self_describing_json.SelfDescribingJson object at 0x00000214ACEAF110>, <snowplow_tracker.self_describing_json.SelfDescribingJson object at 0x00000214ACDD7010>, <snowplow_tracker.self_describing_json.SelfDescribingJson object at 0x00000214ACDD5790>]}


============================== 13:06:09.960114 | 5d5b7d5d-de2c-4f61-b275-9e7806c1f86c ==============================
[0m13:06:09.960114 [info ] [MainThread]: Running with dbt=1.11.8
[0m13:06:09.960114 [debug] [MainThread]: running dbt with arguments {'static_parser': 'True', 'no_print': 'None', 'version_check': 'True', 'target_path': 'None', 'warn_error_options': 'WarnErrorOptionsV2(error=[], warn=[], silence=[])', 'printer_width': '80', 'write_json': 'True', 'empty': 'False', 'log_cache_events': 'False', 'introspect': 'True', 'cache_selected_only': 'False', 'fail_fast': 'False', 'debug': 'False', 'log_format': 'default', 'profiles_dir': 'C:\\Users\\LENOVO\\.dbt', 'send_anonymous_usage_stats': 'True', 'quiet': 'False', 'warn_error': 'None', 'partial_parse': 'True', 'indirect_selection': 'eager', 'invocation_command': 'dbt run --select stg_orders', 'use_colors': 'True', 'use_experimental_parser': 'False', 'log_path': 'C:\\Users\\LENOVO\\Desktop\\dbt-project\\logs'}
[0m13:06:11.389118 [debug] [MainThread]: Sending event: {'category': 'dbt', 'action': 'project_id', 'label': '5d5b7d5d-de2c-4f61-b275-9e7806c1f86c', 'context': [<snowplow_tracker.self_describing_json.SelfDescribingJson object at 0x00000214D1383D10>]}
[0m13:06:11.438776 [debug] [MainThread]: Sending event: {'category': 'dbt', 'action': 'adapter_info', 'label': '5d5b7d5d-de2c-4f61-b275-9e7806c1f86c', 'context': [<snowplow_tracker.self_describing_json.SelfDescribingJson object at 0x00000214A9611410>]}
[0m13:06:11.438776 [info ] [MainThread]: Registered adapter: bigquery=1.11.1
[0m13:06:11.797032 [debug] [MainThread]: checksum: 7d524ac048c2100769df89d592e662e060a73ca564e31bd9c2a37efdfe8d8ab6, vars: {}, profile: , target: , version: 1.11.8
[0m13:06:11.858389 [debug] [MainThread]: Partial parsing enabled: 0 files deleted, 0 files added, 0 files changed.
[0m13:06:11.858389 [debug] [MainThread]: Nothing changed, skipping partial parsing.
[0m13:06:11.858389 [debug] [MainThread]: Partial parsing enabled, no changes found, skipping parsing
[0m13:06:11.858389 [warn ] [MainThread]: [[33mWARNING[0m]: Configuration paths exist in your dbt_project.yml file which do not apply to any resources.
There are 1 unused configuration paths:
- models.olist_project.example
[0m13:06:11.867092 [debug] [MainThread]: Sending event: {'category': 'dbt', 'action': 'load_project', 'label': '5d5b7d5d-de2c-4f61-b275-9e7806c1f86c', 'context': [<snowplow_tracker.self_describing_json.SelfDescribingJson object at 0x00000214D17E4DD0>]}
[0m13:06:11.911461 [debug] [MainThread]: Wrote artifact WritableManifest to C:\Users\LENOVO\Desktop\dbt-project\target\manifest.json
[0m13:06:11.911893 [debug] [MainThread]: Wrote artifact SemanticManifest to C:\Users\LENOVO\Desktop\dbt-project\target\semantic_manifest.json
[0m13:06:11.919317 [debug] [MainThread]: Sending event: {'category': 'dbt', 'action': 'resource_counts', 'label': '5d5b7d5d-de2c-4f61-b275-9e7806c1f86c', 'context': [<snowplow_tracker.self_describing_json.SelfDescribingJson object at 0x00000214D16F01D0>]}
[0m13:06:11.919317 [info ] [MainThread]: Found 539 macros
[0m13:06:11.919317 [debug] [MainThread]: Sending event: {'category': 'dbt', 'action': 'runnable_timing', 'label': '5d5b7d5d-de2c-4f61-b275-9e7806c1f86c', 'context': [<snowplow_tracker.self_describing_json.SelfDescribingJson object at 0x00000214D170BE10>]}
[0m13:06:11.919317 [warn ] [MainThread]: The selection criterion 'stg_orders' does not match any enabled nodes
[0m13:06:11.927159 [warn ] [MainThread]: Nothing to do. Try checking your model configs and model specification args
[0m13:06:11.927159 [debug] [MainThread]: Command end result
[0m13:06:11.951470 [debug] [MainThread]: Wrote artifact WritableManifest to C:\Users\LENOVO\Desktop\dbt-project\target\manifest.json
[0m13:06:11.952485 [debug] [MainThread]: Wrote artifact SemanticManifest to C:\Users\LENOVO\Desktop\dbt-project\target\semantic_manifest.json
[0m13:06:11.955045 [debug] [MainThread]: Wrote artifact RunExecutionResult to C:\Users\LENOVO\Desktop\dbt-project\target\run_results.json
[0m13:06:11.955045 [debug] [MainThread]: Command `dbt run` succeeded at 13:06:11.955045 after 2.14 seconds
[0m13:06:11.955045 [debug] [MainThread]: Sending event: {'category': 'dbt', 'action': 'invocation', 'label': 'end', 'context': [<snowplow_tracker.self_describing_json.SelfDescribingJson object at 0x00000214ACB6C9D0>, <snowplow_tracker.self_describing_json.SelfDescribingJson object at 0x00000214ADF58990>, <snowplow_tracker.self_describing_json.SelfDescribingJson object at 0x00000214ADF5B310>]}
[0m13:06:11.959965 [debug] [MainThread]: Flushing usage events
[0m13:06:13.655194 [debug] [MainThread]: An error was encountered while trying to flush usage events
[0m13:12:04.587303 [debug] [MainThread]: Sending event: {'category': 'dbt', 'action': 'invocation', 'label': 'start', 'context': [<snowplow_tracker.self_describing_json.SelfDescribingJson object at 0x0000028DDE84EC50>, <snowplow_tracker.self_describing_json.SelfDescribingJson object at 0x0000028DDF8C4290>, <snowplow_tracker.self_describing_json.SelfDescribingJson object at 0x0000028DDF8C4B90>]}


============================== 13:12:04.595309 | c9bfa31c-6184-40f3-99bd-1ed352db883c ==============================
[0m13:12:04.595309 [info ] [MainThread]: Running with dbt=1.11.8
[0m13:12:04.595974 [debug] [MainThread]: running dbt with arguments {'static_parser': 'True', 'no_print': 'None', 'version_check': 'True', 'warn_error_options': 'WarnErrorOptionsV2(error=[], warn=[], silence=[])', 'target_path': 'None', 'printer_width': '80', 'write_json': 'True', 'introspect': 'True', 'log_cache_events': 'False', 'empty': 'False', 'cache_selected_only': 'False', 'fail_fast': 'False', 'debug': 'False', 'log_format': 'default', 'profiles_dir': 'C:\\Users\\LENOVO\\.dbt', 'send_anonymous_usage_stats': 'True', 'quiet': 'False', 'warn_error': 'None', 'partial_parse': 'True', 'use_colors': 'True', 'invocation_command': 'dbt run', 'indirect_selection': 'eager', 'use_experimental_parser': 'False', 'log_path': 'C:\\Users\\LENOVO\\Desktop\\dbt-project\\logs'}
[0m13:12:05.773383 [debug] [MainThread]: Sending event: {'category': 'dbt', 'action': 'project_id', 'label': 'c9bfa31c-6184-40f3-99bd-1ed352db883c', 'context': [<snowplow_tracker.self_describing_json.SelfDescribingJson object at 0x0000028DDE84F010>]}
[0m13:12:05.837289 [debug] [MainThread]: Sending event: {'category': 'dbt', 'action': 'adapter_info', 'label': 'c9bfa31c-6184-40f3-99bd-1ed352db883c', 'context': [<snowplow_tracker.self_describing_json.SelfDescribingJson object at 0x0000028DDAFB2750>]}
[0m13:12:05.837289 [info ] [MainThread]: Registered adapter: bigquery=1.11.1
[0m13:12:06.245315 [debug] [MainThread]: checksum: 7d524ac048c2100769df89d592e662e060a73ca564e31bd9c2a37efdfe8d8ab6, vars: {}, profile: , target: , version: 1.11.8
[0m13:12:06.299340 [info ] [MainThread]: Unable to do partial parsing because a project config has changed
[0m13:12:06.301421 [debug] [MainThread]: Sending event: {'category': 'dbt', 'action': 'partial_parser', 'label': 'c9bfa31c-6184-40f3-99bd-1ed352db883c', 'context': [<snowplow_tracker.self_describing_json.SelfDescribingJson object at 0x0000028DDD857F10>]}
[0m13:12:06.925245 [warn ] [MainThread]: [[33mWARNING[0m]: Configuration paths exist in your dbt_project.yml file which do not apply to any resources.
There are 3 unused configuration paths:
- models.olist_project.intermediate
- models.olist_project.staging
- models.olist_project.marts
[0m13:12:06.935339 [debug] [MainThread]: Sending event: {'category': 'dbt', 'action': 'load_project', 'label': 'c9bfa31c-6184-40f3-99bd-1ed352db883c', 'context': [<snowplow_tracker.self_describing_json.SelfDescribingJson object at 0x0000028D830E7590>]}
[0m13:12:06.985668 [debug] [MainThread]: Wrote artifact WritableManifest to C:\Users\LENOVO\Desktop\dbt-project\target\manifest.json
[0m13:12:06.996515 [debug] [MainThread]: Wrote artifact SemanticManifest to C:\Users\LENOVO\Desktop\dbt-project\target\semantic_manifest.json
[0m13:12:07.005593 [debug] [MainThread]: Sending event: {'category': 'dbt', 'action': 'resource_counts', 'label': 'c9bfa31c-6184-40f3-99bd-1ed352db883c', 'context': [<snowplow_tracker.self_describing_json.SelfDescribingJson object at 0x0000028D83224A50>]}
[0m13:12:07.010870 [info ] [MainThread]: Found 539 macros
[0m13:12:07.012972 [debug] [MainThread]: Sending event: {'category': 'dbt', 'action': 'runnable_timing', 'label': 'c9bfa31c-6184-40f3-99bd-1ed352db883c', 'context': [<snowplow_tracker.self_describing_json.SelfDescribingJson object at 0x0000028D83165710>]}
[0m13:12:07.012972 [warn ] [MainThread]: Nothing to do. Try checking your model configs and model specification args
[0m13:12:07.015796 [debug] [MainThread]: Command end result
[0m13:12:07.045530 [debug] [MainThread]: Wrote artifact WritableManifest to C:\Users\LENOVO\Desktop\dbt-project\target\manifest.json
[0m13:12:07.055544 [debug] [MainThread]: Wrote artifact SemanticManifest to C:\Users\LENOVO\Desktop\dbt-project\target\semantic_manifest.json
[0m13:12:07.062154 [debug] [MainThread]: Wrote artifact RunExecutionResult to C:\Users\LENOVO\Desktop\dbt-project\target\run_results.json
[0m13:12:07.062154 [debug] [MainThread]: Command `dbt run` succeeded at 13:12:07.062154 after 2.58 seconds
[0m13:12:07.065202 [debug] [MainThread]: Sending event: {'category': 'dbt', 'action': 'invocation', 'label': 'end', 'context': [<snowplow_tracker.self_describing_json.SelfDescribingJson object at 0x0000028DD7CF1750>, <snowplow_tracker.self_describing_json.SelfDescribingJson object at 0x0000028DD7CC7890>, <snowplow_tracker.self_describing_json.SelfDescribingJson object at 0x0000028DD7D53F50>]}
[0m13:12:07.065202 [debug] [MainThread]: Flushing usage events
[0m13:12:08.358366 [debug] [MainThread]: An error was encountered while trying to flush usage events
[0m13:12:37.885139 [debug] [MainThread]: Sending event: {'category': 'dbt', 'action': 'invocation', 'label': 'start', 'context': [<snowplow_tracker.self_describing_json.SelfDescribingJson object at 0x0000026999EDEE50>, <snowplow_tracker.self_describing_json.SelfDescribingJson object at 0x0000026999EDE9D0>, <snowplow_tracker.self_describing_json.SelfDescribingJson object at 0x0000026999EDD5D0>]}


============================== 13:12:37.890236 | b749b206-dd88-4710-85b0-88d24f11760d ==============================
[0m13:12:37.890236 [info ] [MainThread]: Running with dbt=1.11.8
[0m13:12:37.890236 [debug] [MainThread]: running dbt with arguments {'version_check': 'True', 'no_print': 'None', 'static_parser': 'True', 'warn_error_options': 'WarnErrorOptionsV2(error=[], warn=[], silence=[])', 'target_path': 'None', 'printer_width': '80', 'write_json': 'True', 'introspect': 'True', 'log_cache_events': 'False', 'empty': 'False', 'cache_selected_only': 'False', 'log_format': 'default', 'debug': 'False', 'fail_fast': 'False', 'partial_parse': 'True', 'send_anonymous_usage_stats': 'True', 'quiet': 'False', 'warn_error': 'None', 'profiles_dir': 'C:\\Users\\LENOVO\\.dbt', 'invocation_command': 'dbt run --select stg_orders', 'indirect_selection': 'eager', 'use_colors': 'True', 'use_experimental_parser': 'False', 'log_path': 'C:\\Users\\LENOVO\\Desktop\\dbt-project\\logs'}
[0m13:12:38.790113 [debug] [MainThread]: Sending event: {'category': 'dbt', 'action': 'project_id', 'label': 'b749b206-dd88-4710-85b0-88d24f11760d', 'context': [<snowplow_tracker.self_describing_json.SelfDescribingJson object at 0x00000269BE3B3050>]}
[0m13:12:38.832007 [debug] [MainThread]: Sending event: {'category': 'dbt', 'action': 'adapter_info', 'label': 'b749b206-dd88-4710-85b0-88d24f11760d', 'context': [<snowplow_tracker.self_describing_json.SelfDescribingJson object at 0x0000026996631550>]}
[0m13:12:38.835380 [info ] [MainThread]: Registered adapter: bigquery=1.11.1
[0m13:12:39.125413 [debug] [MainThread]: checksum: 7d524ac048c2100769df89d592e662e060a73ca564e31bd9c2a37efdfe8d8ab6, vars: {}, profile: , target: , version: 1.11.8
[0m13:12:39.197257 [debug] [MainThread]: Partial parsing enabled: 0 files deleted, 0 files added, 0 files changed.
[0m13:12:39.197257 [debug] [MainThread]: Nothing changed, skipping partial parsing.
[0m13:12:39.197257 [debug] [MainThread]: Partial parsing enabled, no changes found, skipping parsing
[0m13:12:39.197257 [warn ] [MainThread]: [[33mWARNING[0m]: Configuration paths exist in your dbt_project.yml file which do not apply to any resources.
There are 3 unused configuration paths:
- models.olist_project.intermediate
- models.olist_project.staging
- models.olist_project.marts
[0m13:12:39.205388 [debug] [MainThread]: Sending event: {'category': 'dbt', 'action': 'load_project', 'label': 'b749b206-dd88-4710-85b0-88d24f11760d', 'context': [<snowplow_tracker.self_describing_json.SelfDescribingJson object at 0x00000269BE7E8CD0>]}
[0m13:12:39.245139 [debug] [MainThread]: Wrote artifact WritableManifest to C:\Users\LENOVO\Desktop\dbt-project\target\manifest.json
[0m13:12:39.250336 [debug] [MainThread]: Wrote artifact SemanticManifest to C:\Users\LENOVO\Desktop\dbt-project\target\semantic_manifest.json
[0m13:12:39.255523 [debug] [MainThread]: Sending event: {'category': 'dbt', 'action': 'resource_counts', 'label': 'b749b206-dd88-4710-85b0-88d24f11760d', 'context': [<snowplow_tracker.self_describing_json.SelfDescribingJson object at 0x00000269BE7211D0>]}
[0m13:12:39.255523 [info ] [MainThread]: Found 539 macros
[0m13:12:39.255523 [debug] [MainThread]: Sending event: {'category': 'dbt', 'action': 'runnable_timing', 'label': 'b749b206-dd88-4710-85b0-88d24f11760d', 'context': [<snowplow_tracker.self_describing_json.SelfDescribingJson object at 0x00000269BE70ECD0>]}
[0m13:12:39.260231 [warn ] [MainThread]: The selection criterion 'stg_orders' does not match any enabled nodes
[0m13:12:39.262361 [warn ] [MainThread]: Nothing to do. Try checking your model configs and model specification args
[0m13:12:39.265492 [debug] [MainThread]: Command end result
[0m13:12:39.278489 [debug] [MainThread]: Wrote artifact WritableManifest to C:\Users\LENOVO\Desktop\dbt-project\target\manifest.json
[0m13:12:39.286631 [debug] [MainThread]: Wrote artifact SemanticManifest to C:\Users\LENOVO\Desktop\dbt-project\target\semantic_manifest.json
[0m13:12:39.286631 [debug] [MainThread]: Wrote artifact RunExecutionResult to C:\Users\LENOVO\Desktop\dbt-project\target\run_results.json
[0m13:12:39.286631 [debug] [MainThread]: Command `dbt run` succeeded at 13:12:39.286631 after 1.47 seconds
[0m13:12:39.286631 [debug] [MainThread]: Sending event: {'category': 'dbt', 'action': 'invocation', 'label': 'end', 'context': [<snowplow_tracker.self_describing_json.SelfDescribingJson object at 0x000002699AF8B6D0>, <snowplow_tracker.self_describing_json.SelfDescribingJson object at 0x00000269933A76D0>, <snowplow_tracker.self_describing_json.SelfDescribingJson object at 0x0000026999C85E10>]}
[0m13:12:39.286631 [debug] [MainThread]: Flushing usage events
[0m13:12:40.618815 [debug] [MainThread]: An error was encountered while trying to flush usage events
[0m13:13:51.677909 [debug] [MainThread]: Sending event: {'category': 'dbt', 'action': 'invocation', 'label': 'start', 'context': [<snowplow_tracker.self_describing_json.SelfDescribingJson object at 0x000002CBCD88C950>, <snowplow_tracker.self_describing_json.SelfDescribingJson object at 0x000002CBCD88F690>, <snowplow_tracker.self_describing_json.SelfDescribingJson object at 0x000002CBCD88C610>]}


============================== 13:13:51.677909 | 32616675-867d-42b7-b223-32ead4444831 ==============================
[0m13:13:51.677909 [info ] [MainThread]: Running with dbt=1.11.8
[0m13:13:51.677909 [debug] [MainThread]: running dbt with arguments {'version_check': 'True', 'no_print': 'None', 'static_parser': 'True', 'target_path': 'None', 'warn_error_options': 'WarnErrorOptionsV2(error=[], warn=[], silence=[])', 'printer_width': '80', 'write_json': 'True', 'introspect': 'True', 'log_cache_events': 'False', 'empty': 'False', 'cache_selected_only': 'False', 'log_format': 'default', 'debug': 'False', 'fail_fast': 'False', 'profiles_dir': 'C:\\Users\\LENOVO\\.dbt', 'send_anonymous_usage_stats': 'True', 'quiet': 'False', 'warn_error': 'None', 'partial_parse': 'True', 'use_colors': 'True', 'invocation_command': 'dbt run --select stg_orders', 'indirect_selection': 'eager', 'use_experimental_parser': 'False', 'log_path': 'C:\\Users\\LENOVO\\Desktop\\dbt-project\\logs'}
[0m13:13:53.005400 [debug] [MainThread]: Sending event: {'category': 'dbt', 'action': 'project_id', 'label': '32616675-867d-42b7-b223-32ead4444831', 'context': [<snowplow_tracker.self_describing_json.SelfDescribingJson object at 0x000002CBF1CCC850>]}
[0m13:13:53.055194 [debug] [MainThread]: Sending event: {'category': 'dbt', 'action': 'adapter_info', 'label': '32616675-867d-42b7-b223-32ead4444831', 'context': [<snowplow_tracker.self_describing_json.SelfDescribingJson object at 0x000002CBC9FE2C50>]}
[0m13:13:53.055194 [info ] [MainThread]: Registered adapter: bigquery=1.11.1
[0m13:13:53.360021 [debug] [MainThread]: checksum: 7d524ac048c2100769df89d592e662e060a73ca564e31bd9c2a37efdfe8d8ab6, vars: {}, profile: , target: , version: 1.11.8
[0m13:13:53.427185 [debug] [MainThread]: Partial parsing enabled: 0 files deleted, 0 files added, 0 files changed.
[0m13:13:53.427185 [debug] [MainThread]: Nothing changed, skipping partial parsing.
[0m13:13:53.427185 [debug] [MainThread]: Partial parsing enabled, no changes found, skipping parsing
[0m13:13:53.435604 [warn ] [MainThread]: [[33mWARNING[0m]: Configuration paths exist in your dbt_project.yml file which do not apply to any resources.
There are 3 unused configuration paths:
- models.olist_project.marts
- models.olist_project.intermediate
- models.olist_project.staging
[0m13:13:53.435604 [debug] [MainThread]: Sending event: {'category': 'dbt', 'action': 'load_project', 'label': '32616675-867d-42b7-b223-32ead4444831', 'context': [<snowplow_tracker.self_describing_json.SelfDescribingJson object at 0x000002CBF2231B10>]}
[0m13:13:53.491410 [debug] [MainThread]: Wrote artifact WritableManifest to C:\Users\LENOVO\Desktop\dbt-project\target\manifest.json
[0m13:13:53.495204 [debug] [MainThread]: Wrote artifact SemanticManifest to C:\Users\LENOVO\Desktop\dbt-project\target\semantic_manifest.json
[0m13:13:53.500393 [debug] [MainThread]: Sending event: {'category': 'dbt', 'action': 'resource_counts', 'label': '32616675-867d-42b7-b223-32ead4444831', 'context': [<snowplow_tracker.self_describing_json.SelfDescribingJson object at 0x000002CBF20DCED0>]}
[0m13:13:53.505507 [info ] [MainThread]: Found 539 macros
[0m13:13:53.505507 [debug] [MainThread]: Sending event: {'category': 'dbt', 'action': 'runnable_timing', 'label': '32616675-867d-42b7-b223-32ead4444831', 'context': [<snowplow_tracker.self_describing_json.SelfDescribingJson object at 0x000002CBF20BEB90>]}
[0m13:13:53.507265 [warn ] [MainThread]: The selection criterion 'stg_orders' does not match any enabled nodes
[0m13:13:53.509278 [warn ] [MainThread]: Nothing to do. Try checking your model configs and model specification args
[0m13:13:53.511125 [debug] [MainThread]: Command end result
[0m13:13:53.528370 [debug] [MainThread]: Wrote artifact WritableManifest to C:\Users\LENOVO\Desktop\dbt-project\target\manifest.json
[0m13:13:53.535233 [debug] [MainThread]: Wrote artifact SemanticManifest to C:\Users\LENOVO\Desktop\dbt-project\target\semantic_manifest.json
[0m13:13:53.539387 [debug] [MainThread]: Wrote artifact RunExecutionResult to C:\Users\LENOVO\Desktop\dbt-project\target\run_results.json
[0m13:13:53.539387 [debug] [MainThread]: Command `dbt run` succeeded at 13:13:53.539387 after 1.96 seconds
[0m13:13:53.539387 [debug] [MainThread]: Sending event: {'category': 'dbt', 'action': 'invocation', 'label': 'end', 'context': [<snowplow_tracker.self_describing_json.SelfDescribingJson object at 0x000002CBCE92FF50>, <snowplow_tracker.self_describing_json.SelfDescribingJson object at 0x000002CBCD54CA10>, <snowplow_tracker.self_describing_json.SelfDescribingJson object at 0x000002CBCE93B710>]}
[0m13:13:53.539387 [debug] [MainThread]: Flushing usage events
[0m13:13:58.027528 [debug] [MainThread]: An error was encountered while trying to flush usage events
[0m13:14:05.801900 [debug] [MainThread]: Sending event: {'category': 'dbt', 'action': 'invocation', 'label': 'start', 'context': [<snowplow_tracker.self_describing_json.SelfDescribingJson object at 0x000001FD9418CFD0>, <snowplow_tracker.self_describing_json.SelfDescribingJson object at 0x000001FD93952990>, <snowplow_tracker.self_describing_json.SelfDescribingJson object at 0x000001FD9418D4D0>]}


============================== 13:14:05.801900 | 0964b41b-c174-4e22-b3b7-4c908b268eb1 ==============================
[0m13:14:05.801900 [info ] [MainThread]: Running with dbt=1.11.8
[0m13:14:05.808744 [debug] [MainThread]: running dbt with arguments {'version_check': 'True', 'no_print': 'None', 'static_parser': 'True', 'warn_error_options': 'WarnErrorOptionsV2(error=[], warn=[], silence=[])', 'target_path': 'None', 'printer_width': '80', 'write_json': 'True', 'introspect': 'True', 'log_cache_events': 'False', 'empty': 'None', 'cache_selected_only': 'False', 'fail_fast': 'False', 'debug': 'False', 'log_format': 'default', 'profiles_dir': 'C:\\Users\\LENOVO\\.dbt', 'send_anonymous_usage_stats': 'True', 'quiet': 'False', 'warn_error': 'None', 'partial_parse': 'True', 'indirect_selection': 'eager', 'invocation_command': 'dbt debug', 'use_colors': 'True', 'use_experimental_parser': 'False', 'log_path': 'C:\\Users\\LENOVO\\Desktop\\dbt-project\\logs'}
[0m13:14:05.818904 [info ] [MainThread]: dbt version: 1.11.8
[0m13:14:05.818904 [info ] [MainThread]: python version: 3.11.9
[0m13:14:05.818904 [info ] [MainThread]: python path: C:\Users\LENOVO\Desktop\dbt-project\Scripts\python.exe
[0m13:14:05.818904 [info ] [MainThread]: os info: Windows-10-10.0.26200-SP0
[0m13:14:06.555949 [info ] [MainThread]: Using profiles dir at C:\Users\LENOVO\.dbt
[0m13:14:06.557462 [info ] [MainThread]: Using profiles.yml file at C:\Users\LENOVO\.dbt\profiles.yml
[0m13:14:06.559280 [info ] [MainThread]: Using dbt_project.yml file at C:\Users\LENOVO\Desktop\dbt-project\dbt_project.yml
[0m13:14:06.559280 [info ] [MainThread]: adapter type: bigquery
[0m13:14:06.559280 [info ] [MainThread]: adapter version: 1.11.1
[0m13:14:06.624133 [info ] [MainThread]: Configuration:
[0m13:14:06.625260 [info ] [MainThread]:   profiles.yml file [[32mOK found and valid[0m]
[0m13:14:06.626075 [info ] [MainThread]:   dbt_project.yml file [[32mOK found and valid[0m]
[0m13:14:06.626075 [info ] [MainThread]: Required dependencies:
[0m13:14:06.626075 [debug] [MainThread]: Executing "git --help"
[0m13:14:06.652061 [debug] [MainThread]: STDOUT: "b"usage: git [-v | --version] [-h | --help] [-C <path>] [-c <name>=<value>]\n           [--exec-path[=<path>]] [--html-path] [--man-path] [--info-path]\n           [-p | --paginate | -P | --no-pager] [--no-replace-objects] [--no-lazy-fetch]\n           [--no-optional-locks] [--no-advice] [--bare] [--git-dir=<path>]\n           [--work-tree=<path>] [--namespace=<name>] [--config-env=<name>=<envvar>]\n           <command> [<args>]\n\nThese are common Git commands used in various situations:\n\nstart a working area (see also: git help tutorial)\n   clone      Clone a repository into a new directory\n   init       Create an empty Git repository or reinitialize an existing one\n\nwork on the current change (see also: git help everyday)\n   add        Add file contents to the index\n   mv         Move or rename a file, a directory, or a symlink\n   restore    Restore working tree files\n   rm         Remove files from the working tree and from the index\n\nexamine the history and state (see also: git help revisions)\n   bisect     Use binary search to find the commit that introduced a bug\n   diff       Show changes between commits, commit and working tree, etc\n   grep       Print lines matching a pattern\n   log        Show commit logs\n   show       Show various types of objects\n   status     Show the working tree status\n\ngrow, mark and tweak your common history\n   backfill   Download missing objects in a partial clone\n   branch     List, create, or delete branches\n   commit     Record changes to the repository\n   merge      Join two or more development histories together\n   rebase     Reapply commits on top of another base tip\n   reset      Set `HEAD` or the index to a known state\n   switch     Switch branches\n   tag        Create, list, delete or verify tags\n\ncollaborate (see also: git help workflows)\n   fetch      Download objects and refs from another repository\n   pull       Fetch from and integrate with another repository or a local branch\n   push       Update remote refs along with associated objects\n\n'git help -a' and 'git help -g' list available subcommands and some\nconcept guides. See 'git help <command>' or 'git help <concept>'\nto read about a specific subcommand or concept.\nSee 'git help git' for an overview of the system.\n""
[0m13:14:06.652061 [debug] [MainThread]: STDERR: "b''"
[0m13:14:06.652061 [info ] [MainThread]:  - git [[32mOK found[0m]

[0m13:14:06.652061 [info ] [MainThread]: Connection:
[0m13:14:06.652061 [info ] [MainThread]:   method: service-account
[0m13:14:06.652061 [info ] [MainThread]:   database: root-micron-435213-v0
[0m13:14:06.652061 [info ] [MainThread]:   execution_project: root-micron-435213-v0
[0m13:14:06.652061 [info ] [MainThread]:   schema: olist
[0m13:14:06.652061 [info ] [MainThread]:   location: US
[0m13:14:06.652061 [info ] [MainThread]:   priority: None
[0m13:14:06.652061 [info ] [MainThread]:   maximum_bytes_billed: None
[0m13:14:06.652061 [info ] [MainThread]:   impersonate_service_account: None
[0m13:14:06.652061 [info ] [MainThread]:   job_retry_deadline_seconds: None
[0m13:14:06.652061 [info ] [MainThread]:   job_retries: 1
[0m13:14:06.652061 [info ] [MainThread]:   job_creation_timeout_seconds: None
[0m13:14:06.652061 [info ] [MainThread]:   job_execution_timeout_seconds: None
[0m13:14:06.652061 [info ] [MainThread]:   timeout_seconds: None
[0m13:14:06.658684 [info ] [MainThread]:   client_id: None
[0m13:14:06.659691 [info ] [MainThread]:   token_uri: None
[0m13:14:06.659691 [info ] [MainThread]:   compute_region: None
[0m13:14:06.659691 [info ] [MainThread]:   dataproc_cluster_name: None
[0m13:14:06.659691 [info ] [MainThread]:   gcs_bucket: None
[0m13:14:06.659691 [info ] [MainThread]:   dataproc_batch: None
[0m13:14:06.659691 [info ] [MainThread]: Registered adapter: bigquery=1.11.1
[0m13:14:06.890253 [debug] [MainThread]: Acquiring new bigquery connection 'debug'
[0m13:14:06.892241 [debug] [MainThread]: On debug: select 1 as id
[0m13:14:06.893431 [debug] [MainThread]: Opening a new connection, currently in state init
[0m13:14:09.499148 [debug] [MainThread]: BigQuery adapter: https://console.cloud.google.com/bigquery?project=root-micron-435213-v0&j=bq:US:b1ee8cdd-35c0-4a1a-ae64-046e997fcd65&page=queryresults
[0m13:14:10.310186 [debug] [MainThread]: SQL status: OK in 0.819 seconds
[0m13:14:10.832888 [info ] [MainThread]:   Connection test: [[32mOK connection ok[0m]

[0m13:14:10.832888 [info ] [MainThread]: [32mAll checks passed![0m
[0m13:14:10.842015 [debug] [MainThread]: Command `dbt debug` succeeded at 13:14:10.842015 after 5.11 seconds
[0m13:14:10.843806 [debug] [MainThread]: Connection 'debug' was properly closed.
[0m13:14:10.843806 [debug] [MainThread]: Sending event: {'category': 'dbt', 'action': 'invocation', 'label': 'end', 'context': [<snowplow_tracker.self_describing_json.SelfDescribingJson object at 0x000001FD8D661750>, <snowplow_tracker.self_describing_json.SelfDescribingJson object at 0x000001FD93E4CA90>, <snowplow_tracker.self_describing_json.SelfDescribingJson object at 0x000001FD93E4C9D0>]}
[0m13:14:10.843806 [debug] [MainThread]: Flushing usage events
[0m13:14:12.163700 [debug] [MainThread]: An error was encountered while trying to flush usage events
[0m13:18:20.830104 [debug] [MainThread]: Sending event: {'category': 'dbt', 'action': 'invocation', 'label': 'start', 'context': [<snowplow_tracker.self_describing_json.SelfDescribingJson object at 0x00000130707AF750>, <snowplow_tracker.self_describing_json.SelfDescribingJson object at 0x00000130707AEB10>, <snowplow_tracker.self_describing_json.SelfDescribingJson object at 0x00000130707AC5D0>]}


============================== 13:18:20.830104 | 1f6ad000-8ea7-4958-86e9-9fc75caa8b3c ==============================
[0m13:18:20.830104 [info ] [MainThread]: Running with dbt=1.11.8
[0m13:18:20.830104 [debug] [MainThread]: running dbt with arguments {'static_parser': 'True', 'no_print': 'None', 'version_check': 'True', 'target_path': 'None', 'warn_error_options': 'WarnErrorOptionsV2(error=[], warn=[], silence=[])', 'printer_width': '80', 'write_json': 'True', 'empty': 'False', 'log_cache_events': 'False', 'introspect': 'True', 'cache_selected_only': 'False', 'fail_fast': 'False', 'debug': 'False', 'log_format': 'default', 'partial_parse': 'True', 'send_anonymous_usage_stats': 'True', 'quiet': 'False', 'warn_error': 'None', 'profiles_dir': 'C:\\Users\\LENOVO\\.dbt', 'invocation_command': 'dbt run --select stg_orders', 'indirect_selection': 'eager', 'use_colors': 'True', 'use_experimental_parser': 'False', 'log_path': 'C:\\Users\\LENOVO\\Desktop\\dbt-project\\logs'}
[0m13:18:21.840946 [debug] [MainThread]: Sending event: {'category': 'dbt', 'action': 'project_id', 'label': '1f6ad000-8ea7-4958-86e9-9fc75caa8b3c', 'context': [<snowplow_tracker.self_describing_json.SelfDescribingJson object at 0x0000013014CA9250>]}
[0m13:18:21.889331 [debug] [MainThread]: Sending event: {'category': 'dbt', 'action': 'adapter_info', 'label': '1f6ad000-8ea7-4958-86e9-9fc75caa8b3c', 'context': [<snowplow_tracker.self_describing_json.SelfDescribingJson object at 0x000001306CF11750>]}
[0m13:18:21.891343 [info ] [MainThread]: Registered adapter: bigquery=1.11.1
[0m13:18:22.179066 [debug] [MainThread]: checksum: 7d524ac048c2100769df89d592e662e060a73ca564e31bd9c2a37efdfe8d8ab6, vars: {}, profile: , target: , version: 1.11.8
[0m13:18:22.229203 [debug] [MainThread]: Partial parsing enabled: 0 files deleted, 0 files added, 0 files changed.
[0m13:18:22.229203 [debug] [MainThread]: Nothing changed, skipping partial parsing.
[0m13:18:22.229203 [debug] [MainThread]: Partial parsing enabled, no changes found, skipping parsing
[0m13:18:22.240200 [warn ] [MainThread]: [[33mWARNING[0m]: Configuration paths exist in your dbt_project.yml file which do not apply to any resources.
There are 3 unused configuration paths:
- models.olist_project.staging
- models.olist_project.marts
- models.olist_project.intermediate
[0m13:18:22.246200 [debug] [MainThread]: Sending event: {'category': 'dbt', 'action': 'load_project', 'label': '1f6ad000-8ea7-4958-86e9-9fc75caa8b3c', 'context': [<snowplow_tracker.self_describing_json.SelfDescribingJson object at 0x0000013012609BD0>]}
[0m13:18:22.295614 [debug] [MainThread]: Wrote artifact WritableManifest to C:\Users\LENOVO\Desktop\dbt-project\target\manifest.json
[0m13:18:22.295614 [debug] [MainThread]: Wrote artifact SemanticManifest to C:\Users\LENOVO\Desktop\dbt-project\target\semantic_manifest.json
[0m13:18:22.295614 [debug] [MainThread]: Sending event: {'category': 'dbt', 'action': 'resource_counts', 'label': '1f6ad000-8ea7-4958-86e9-9fc75caa8b3c', 'context': [<snowplow_tracker.self_describing_json.SelfDescribingJson object at 0x0000013014FFD7D0>]}
[0m13:18:22.295614 [info ] [MainThread]: Found 539 macros
[0m13:18:22.295614 [debug] [MainThread]: Sending event: {'category': 'dbt', 'action': 'runnable_timing', 'label': '1f6ad000-8ea7-4958-86e9-9fc75caa8b3c', 'context': [<snowplow_tracker.self_describing_json.SelfDescribingJson object at 0x0000013012691090>]}
[0m13:18:22.295614 [warn ] [MainThread]: The selection criterion 'stg_orders' does not match any enabled nodes
[0m13:18:22.295614 [warn ] [MainThread]: Nothing to do. Try checking your model configs and model specification args
[0m13:18:22.309626 [debug] [MainThread]: Command end result
[0m13:18:22.330128 [debug] [MainThread]: Wrote artifact WritableManifest to C:\Users\LENOVO\Desktop\dbt-project\target\manifest.json
[0m13:18:22.343211 [debug] [MainThread]: Wrote artifact SemanticManifest to C:\Users\LENOVO\Desktop\dbt-project\target\semantic_manifest.json
[0m13:18:22.346531 [debug] [MainThread]: Wrote artifact RunExecutionResult to C:\Users\LENOVO\Desktop\dbt-project\target\run_results.json
[0m13:18:22.346531 [debug] [MainThread]: Command `dbt run` succeeded at 13:18:22.346531 after 1.62 seconds
[0m13:18:22.346531 [debug] [MainThread]: Sending event: {'category': 'dbt', 'action': 'invocation', 'label': 'end', 'context': [<snowplow_tracker.self_describing_json.SelfDescribingJson object at 0x000001306EF77890>, <snowplow_tracker.self_describing_json.SelfDescribingJson object at 0x000001307185B5D0>, <snowplow_tracker.self_describing_json.SelfDescribingJson object at 0x000001307185B510>]}
[0m13:18:22.346531 [debug] [MainThread]: Flushing usage events
[0m13:18:24.076324 [debug] [MainThread]: An error was encountered while trying to flush usage events
[0m13:21:19.415520 [debug] [MainThread]: Sending event: {'category': 'dbt', 'action': 'invocation', 'label': 'start', 'context': [<snowplow_tracker.self_describing_json.SelfDescribingJson object at 0x00000255FE0E01D0>, <snowplow_tracker.self_describing_json.SelfDescribingJson object at 0x00000255819B3B90>, <snowplow_tracker.self_describing_json.SelfDescribingJson object at 0x00000255819B0D10>]}


============================== 13:21:19.415520 | bbdcb9e8-f939-4538-82f4-aa5f9238f634 ==============================
[0m13:21:19.415520 [info ] [MainThread]: Running with dbt=1.11.8
[0m13:21:19.415520 [debug] [MainThread]: running dbt with arguments {'version_check': 'True', 'no_print': 'None', 'static_parser': 'True', 'target_path': 'None', 'warn_error_options': 'WarnErrorOptionsV2(error=[], warn=[], silence=[])', 'printer_width': '80', 'write_json': 'True', 'empty': 'None', 'log_cache_events': 'False', 'introspect': 'True', 'cache_selected_only': 'False', 'fail_fast': 'False', 'debug': 'False', 'log_format': 'default', 'profiles_dir': 'C:\\Users\\LENOVO\\.dbt', 'send_anonymous_usage_stats': 'True', 'quiet': 'False', 'warn_error': 'None', 'partial_parse': 'True', 'indirect_selection': 'eager', 'invocation_command': 'dbt debug', 'use_colors': 'True', 'use_experimental_parser': 'False', 'log_path': 'logs'}
[0m13:21:19.426353 [info ] [MainThread]: dbt version: 1.11.8
[0m13:21:19.426353 [info ] [MainThread]: python version: 3.11.9
[0m13:21:19.426353 [info ] [MainThread]: python path: C:\Users\LENOVO\Desktop\dbt-project\Scripts\python.exe
[0m13:21:19.426353 [info ] [MainThread]: os info: Windows-10-10.0.26200-SP0
[0m13:21:20.239386 [info ] [MainThread]: Using profiles dir at C:\Users\LENOVO\.dbt
[0m13:21:20.242733 [info ] [MainThread]: Using profiles.yml file at C:\Users\LENOVO\.dbt\profiles.yml
[0m13:21:20.242733 [info ] [MainThread]: Using dbt_project.yml file at C:\Users\LENOVO\Desktop\dbt-project\dbt_project.yml
[0m13:21:20.242733 [info ] [MainThread]: adapter type: bigquery
[0m13:21:20.242733 [info ] [MainThread]: adapter version: 1.11.1
[0m13:21:20.251380 [info ] [MainThread]: Configuration:
[0m13:21:20.251380 [info ] [MainThread]:   profiles.yml file [[32mOK found and valid[0m]
[0m13:21:20.251380 [info ] [MainThread]:   dbt_project.yml file [[31mERROR not found[0m]
[0m13:21:20.251380 [info ] [MainThread]: Required dependencies:
[0m13:21:20.251380 [debug] [MainThread]: Executing "git --help"
[0m13:21:20.287033 [debug] [MainThread]: STDOUT: "b"usage: git [-v | --version] [-h | --help] [-C <path>] [-c <name>=<value>]\n           [--exec-path[=<path>]] [--html-path] [--man-path] [--info-path]\n           [-p | --paginate | -P | --no-pager] [--no-replace-objects] [--no-lazy-fetch]\n           [--no-optional-locks] [--no-advice] [--bare] [--git-dir=<path>]\n           [--work-tree=<path>] [--namespace=<name>] [--config-env=<name>=<envvar>]\n           <command> [<args>]\n\nThese are common Git commands used in various situations:\n\nstart a working area (see also: git help tutorial)\n   clone      Clone a repository into a new directory\n   init       Create an empty Git repository or reinitialize an existing one\n\nwork on the current change (see also: git help everyday)\n   add        Add file contents to the index\n   mv         Move or rename a file, a directory, or a symlink\n   restore    Restore working tree files\n   rm         Remove files from the working tree and from the index\n\nexamine the history and state (see also: git help revisions)\n   bisect     Use binary search to find the commit that introduced a bug\n   diff       Show changes between commits, commit and working tree, etc\n   grep       Print lines matching a pattern\n   log        Show commit logs\n   show       Show various types of objects\n   status     Show the working tree status\n\ngrow, mark and tweak your common history\n   backfill   Download missing objects in a partial clone\n   branch     List, create, or delete branches\n   commit     Record changes to the repository\n   merge      Join two or more development histories together\n   rebase     Reapply commits on top of another base tip\n   reset      Set `HEAD` or the index to a known state\n   switch     Switch branches\n   tag        Create, list, delete or verify tags\n\ncollaborate (see also: git help workflows)\n   fetch      Download objects and refs from another repository\n   pull       Fetch from and integrate with another repository or a local branch\n   push       Update remote refs along with associated objects\n\n'git help -a' and 'git help -g' list available subcommands and some\nconcept guides. See 'git help <command>' or 'git help <concept>'\nto read about a specific subcommand or concept.\nSee 'git help git' for an overview of the system.\n""
[0m13:21:20.287033 [debug] [MainThread]: STDERR: "b''"
[0m13:21:20.287033 [info ] [MainThread]:  - git [[32mOK found[0m]

[0m13:21:20.298872 [info ] [MainThread]: Connection:
[0m13:21:20.298872 [info ] [MainThread]:   method: service-account
[0m13:21:20.298872 [info ] [MainThread]:   database: root-micron-435213-v0
[0m13:21:20.298872 [info ] [MainThread]:   execution_project: root-micron-435213-v0
[0m13:21:20.298872 [info ] [MainThread]:   schema: olist
[0m13:21:20.298872 [info ] [MainThread]:   location: US
[0m13:21:20.298872 [info ] [MainThread]:   priority: None
[0m13:21:20.298872 [info ] [MainThread]:   maximum_bytes_billed: None
[0m13:21:20.298872 [info ] [MainThread]:   impersonate_service_account: None
[0m13:21:20.298872 [info ] [MainThread]:   job_retry_deadline_seconds: None
[0m13:21:20.298872 [info ] [MainThread]:   job_retries: 1
[0m13:21:20.298872 [info ] [MainThread]:   job_creation_timeout_seconds: None
[0m13:21:20.298872 [info ] [MainThread]:   job_execution_timeout_seconds: None
[0m13:21:20.298872 [info ] [MainThread]:   timeout_seconds: None
[0m13:21:20.298872 [info ] [MainThread]:   client_id: None
[0m13:21:20.298872 [info ] [MainThread]:   token_uri: None
[0m13:21:20.298872 [info ] [MainThread]:   compute_region: None
[0m13:21:20.298872 [info ] [MainThread]:   dataproc_cluster_name: None
[0m13:21:20.298872 [info ] [MainThread]:   gcs_bucket: None
[0m13:21:20.298872 [info ] [MainThread]:   dataproc_batch: None
[0m13:21:20.298872 [info ] [MainThread]: Registered adapter: bigquery=1.11.1
[0m13:21:20.584215 [debug] [MainThread]: Acquiring new bigquery connection 'debug'
[0m13:21:20.584215 [debug] [MainThread]: On debug: select 1 as id
[0m13:21:20.584215 [debug] [MainThread]: Opening a new connection, currently in state init
[0m13:21:22.557861 [debug] [MainThread]: BigQuery adapter: https://console.cloud.google.com/bigquery?project=root-micron-435213-v0&j=bq:US:63fbf234-1112-4d73-8d3b-76dae55008c3&page=queryresults
[0m13:21:22.967541 [debug] [MainThread]: SQL status: OK in 0.409 seconds
[0m13:21:23.488188 [info ] [MainThread]:   Connection test: [[32mOK connection ok[0m]

[0m13:21:23.488188 [info ] [MainThread]: [31m1 check failed:[0m
[0m13:21:23.488188 [info ] [MainThread]: Project loading failed for the following reason:
 project path <C:\Users\LENOVO\Desktop\dbt-project\dbt_project.yml> not found

[0m13:21:23.493690 [debug] [MainThread]: Command `dbt debug` failed at 13:21:23.493690 after 4.14 seconds
[0m13:21:23.493690 [debug] [MainThread]: Connection 'debug' was properly closed.
[0m13:21:23.493690 [debug] [MainThread]: Sending event: {'category': 'dbt', 'action': 'invocation', 'label': 'end', 'context': [<snowplow_tracker.self_describing_json.SelfDescribingJson object at 0x00000255819B3750>, <snowplow_tracker.self_describing_json.SelfDescribingJson object at 0x00000255FAE53F90>, <snowplow_tracker.self_describing_json.SelfDescribingJson object at 0x00000255829E1150>]}
[0m13:21:23.493690 [debug] [MainThread]: Flushing usage events
[0m13:21:25.103053 [debug] [MainThread]: An error was encountered while trying to flush usage events
